image_path,object_name,state_name
cup/half/000001.png,cup,1
cup/full/000002.png,cup,2
cup/full/000003.png,cup,2
cup/half/000004.png,cup,1
cup/empty/000005.png,cup,0
cup/full/000006.png,cup,2
cup/empty/000007.png,cup,0
cup/half/000008.png,cup,1
cup/half/000009.png,cup,1
cup/full/000010.png,cup,2
cup/full/000011.png,cup,2
cup/full/000012.png,cup,2
cup/full/000013.png,cup,2
cup/half/000014.png,cup,1
cup/full/000015.png,cup,2
cup/half/000016.png,cup,1
cup/full/000017.png,cup,2
cup/full/000018.png,cup,2
cup/full/000019.png,cup,2
cup/empty/000020.png,cup,0
cup/full/000021.png,cup,2
cup/half/000022.png,cup,1
cup/full/000023.png,cup,2
cup/empty/000024.png,cup,0
cup/half/000025.png,cup,1
cup/full/000026.png,cup,2
cup/half/000027.png,cup,1
cup/full/000028.png,cup,2
cup/full/000029.png,cup,2
cup/half/000030.png,cup,1
cup/empty/000031.png,cup,0
cup/full/000032.png,cup,2
cup/full/000033.png,cup,2
cup/half/000034.png,cup,1
cup/half/000035.png,cup,1
cup/half/000036.png,cup,1
cup/half/000037.png,cup,1
cup/half/000038.png,cup,1
cup/full/000039.png,cup,2
cup/half/000040.png,cup,1
cup/half/000041.png,cup,1
cup/half/000042.png,cup,1
cup/empty/000043.png,cup,0
cup/half/000044.png,cup,1
cup/full/000045.png,cup,2
cup/empty/000046.png,cup,0
cup/full/000047.png,cup,2
cup/full/000048.png,cup,2
cup/half/000049.png,cup,1
cup/half/000050.png,cup,1
cup/full/000051.png,cup,2
cup/half/000052.png,cup,1
cup/empty/000053.png,cup,0
cup/full/000054.png,cup,2
cup/half/000055.png,cup,1
cup/half/000056.png,cup,1
cup/full/000057.png,cup,2
cup/half/000058.png,cup,1
cup/half/000059.png,cup,1
cup/half/000060.png,cup,1
cup/half/000061.png,cup,1
cup/half/000062.png,cup,1
cup/empty/000063.png,cup,0
cup/half/000064.png,cup,1
cup/half/000065.png,cup,1
cup/empty/000066.png,cup,0
cup/half/000067.png,cup,1
cup/full/000068.png,cup,2
cup/half/000069.png,cup,1
cup/empty/000070.png,cup,0
cup/empty/000071.png,cup,0
cup/full/000072.png,cup,2
cup/half/000073.png,cup,1
cup/full/000074.png,cup,2
cup/half/000075.png,cup,1
cup/full/000076.png,cup,2
cup/half/000077.png,cup,1
cup/half/000078.png,cup,1
cup/empty/000079.png,cup,0
cup/half/000080.png,cup,1
cup/full/000081.png,cup,2
cup/half/000082.png,cup,1
cup/full/000083.png,cup,2
cup/half/000084.png,cup,1
cup/full/000085.png,cup,2
cup/full/000086.png,cup,2
cup/full/000087.png,cup,2
cup/half/000088.png,cup,1
cup/half/000089.png,cup,1
cup/empty/000090.png,cup,0
cup/full/000091.png,cup,2
cup/full/000092.png,cup,2
cup/half/000093.png,cup,1
cup/half/000094.png,cup,1
cup/half/000095.png,cup,1
cup/full/000096.png,cup,2
cup/half/000097.png,cup,1
cup/half/000098.png,cup,1
cup/half/000099.png,cup,1
cup/half/000100.png,cup,1
cup/half/000101.png,cup,1
cup/full/000102.png,cup,2
cup/full/000103.png,cup,2
cup/half/000104.png,cup,1
cup/half/000105.png,cup,1
cup/half/000106.png,cup,1
cup/half/000107.png,cup,1
cup/half/000108.png,cup,1
cup/half/000109.png,cup,1
cup/full/000110.png,cup,2
cup/empty/000111.png,cup,0
cup/half/000112.png,cup,1
cup/half/000113.png,cup,1
cup/half/000114.png,cup,1
cup/empty/000115.png,cup,0
cup/full/000116.png,cup,2
cup/half/000117.png,cup,1
cup/half/000118.png,cup,1
cup/full/000119.png,cup,2
cup/full/000120.png,cup,2
cup/full/000121.png,cup,2
cup/half/000122.png,cup,1
cup/half/000123.png,cup,1
cup/half/000124.png,cup,1
cup/full/000125.png,cup,2
cup/half/000126.png,cup,1
cup/empty/000127.png,cup,0
cup/empty/000128.png,cup,0
cup/full/000129.png,cup,2
cup/full/000130.png,cup,2
cup/half/000131.png,cup,1
cup/half/000132.png,cup,1
cup/full/000133.png,cup,2
cup/full/000134.png,cup,2
cup/half/000135.png,cup,1
cup/full/000136.png,cup,2
cup/half/000137.png,cup,1
cup/half/000138.png,cup,1
cup/full/000139.png,cup,2
cup/full/000140.png,cup,2
cup/empty/000141.png,cup,0
cup/half/000142.png,cup,1
cup/half/000143.png,cup,1
cup/half/000144.png,cup,1
cup/half/000145.png,cup,1
cup/full/000146.png,cup,2
cup/half/000147.png,cup,1
cup/half/000148.png,cup,1
cup/full/000149.png,cup,2
cup/empty/000150.png,cup,0
cup/full/000151.png,cup,2
cup/half/000152.png,cup,1
cup/half/000153.png,cup,1
cup/full/000154.png,cup,2
cup/empty/000155.png,cup,0
cup/full/000156.png,cup,2
cup/empty/000157.png,cup,0
cup/empty/000158.png,cup,0
cup/full/000159.png,cup,2
cup/empty/000160.png,cup,0
cup/half/000161.png,cup,1
cup/half/000162.png,cup,1
cup/half/000163.png,cup,1
cup/half/000164.png,cup,1
cup/half/000165.png,cup,1
cup/full/000166.png,cup,2
cup/half/000167.png,cup,1
cup/full/000168.png,cup,2
cup/half/000169.png,cup,1
cup/full/000170.png,cup,2
cup/full/000171.png,cup,2
cup/empty/000172.png,cup,0
cup/full/000173.png,cup,2
cup/half/000174.png,cup,1
cup/half/000175.png,cup,1
cup/half/000176.png,cup,1
cup/half/000177.png,cup,1
cup/half/000178.png,cup,1
cup/full/000179.png,cup,2
cup/half/000180.png,cup,1
cup/half/000181.png,cup,1
cup/half/000182.png,cup,1
cup/full/000183.png,cup,2
cup/full/000184.png,cup,2
cup/full/000185.png,cup,2
cup/full/000186.png,cup,2
cup/half/000187.png,cup,1
cup/full/000188.png,cup,2
cup/empty/000189.png,cup,0
cup/half/000190.png,cup,1
cup/full/000191.png,cup,2
cup/half/000192.png,cup,1
cup/half/000193.png,cup,1
cup/half/000194.png,cup,1
cup/half/000195.png,cup,1
cup/half/000196.png,cup,1
cup/half/000197.png,cup,1
cup/half/000198.png,cup,1
cup/full/000199.png,cup,2
cup/full/000200.png,cup,2
cup/empty/000201.png,cup,0
cup/full/000202.png,cup,2
cup/half/000203.png,cup,1
cup/full/000204.png,cup,2
cup/full/000205.png,cup,2
cup/empty/000206.png,cup,0
cup/half/000207.png,cup,1
cup/half/000208.png,cup,1
cup/empty/000209.png,cup,0
cup/half/000210.png,cup,1
cup/full/000211.png,cup,2
cup/full/000212.png,cup,2
cup/full/000213.png,cup,2
cup/half/000214.png,cup,1
cup/empty/000215.png,cup,0
cup/empty/000216.png,cup,0
cup/empty/000217.png,cup,0
cup/half/000218.png,cup,1
cup/full/000219.png,cup,2
cup/full/000220.png,cup,2
cup/empty/000221.png,cup,0
cup/full/000222.png,cup,2
cup/full/000223.png,cup,2
cup/full/000224.png,cup,2
cup/half/000225.png,cup,1
cup/half/000226.png,cup,1
cup/full/000227.png,cup,2
cup/full/000228.png,cup,2
cup/full/000229.png,cup,2
cup/empty/000230.png,cup,0
cup/empty/000231.png,cup,0
cup/full/000232.png,cup,2
cup/full/000233.png,cup,2
cup/empty/000234.png,cup,0
cup/half/000235.png,cup,1
cup/half/000236.png,cup,1
cup/full/000237.png,cup,2
cup/half/000238.png,cup,1
cup/full/000239.png,cup,2
cup/full/000240.png,cup,2
cup/half/000241.png,cup,1
cup/full/000242.png,cup,2
cup/full/000243.png,cup,2
cup/half/000244.png,cup,1
cup/full/000245.png,cup,2
cup/full/000246.png,cup,2
cup/half/000247.png,cup,1
cup/full/000248.png,cup,2
cup/empty/000249.png,cup,0
cup/half/000250.png,cup,1
cup/half/000251.png,cup,1
cup/full/000252.png,cup,2
cup/half/000253.png,cup,1
cup/empty/000254.png,cup,0
cup/empty/000255.png,cup,0
cup/half/000256.png,cup,1
cup/half/000257.png,cup,1
cup/half/000258.png,cup,1
cup/full/000259.png,cup,2
cup/full/000260.png,cup,2
cup/full/000261.png,cup,2
cup/half/000262.png,cup,1
cup/half/000263.png,cup,1
cup/half/000264.png,cup,1
cup/full/000265.png,cup,2
cup/half/000266.png,cup,1
cup/empty/000267.png,cup,0
cup/empty/000268.png,cup,0
cup/full/000269.png,cup,2
cup/full/000270.png,cup,2
cup/empty/000271.png,cup,0
cup/empty/000272.png,cup,0
cup/half/000273.png,cup,1
cup/half/000274.png,cup,1
cup/half/000275.png,cup,1
cup/empty/000276.png,cup,0
cup/half/000277.png,cup,1
cup/full/000278.png,cup,2
cup/half/000279.png,cup,1
cup/half/000280.png,cup,1
cup/full/000281.png,cup,2
cup/half/000282.png,cup,1
cup/half/000283.png,cup,1
cup/full/000284.png,cup,2
cup/half/000285.png,cup,1
cup/half/000286.png,cup,1
cup/half/000287.png,cup,1
cup/half/000288.png,cup,1
cup/half/000289.png,cup,1
cup/empty/000290.png,cup,0
cup/half/000291.png,cup,1
cup/full/000292.png,cup,2
cup/full/000293.png,cup,2
cup/full/000294.png,cup,2
cup/full/000295.png,cup,2
cup/empty/000296.png,cup,0
cup/full/000297.png,cup,2
cup/empty/000298.png,cup,0
cup/half/000299.png,cup,1
cup/half/000300.png,cup,1
cup/full/000301.png,cup,2
cup/full/000302.png,cup,2
cup/full/000303.png,cup,2
cup/full/000304.png,cup,2
cup/full/000305.png,cup,2
cup/full/000306.png,cup,2
cup/half/000307.png,cup,1
cup/half/000308.png,cup,1
cup/half/000309.png,cup,1
cup/full/000310.png,cup,2
cup/empty/000311.png,cup,0
cup/half/000312.png,cup,1
cup/empty/000313.png,cup,0
cup/full/000314.png,cup,2
cup/full/000315.png,cup,2
cup/full/000316.png,cup,2
cup/half/000317.png,cup,1
cup/half/000318.png,cup,1
cup/half/000319.png,cup,1
cup/half/000320.png,cup,1
cup/half/000321.png,cup,1
cup/half/000322.png,cup,1
cup/full/000323.png,cup,2
cup/half/000324.png,cup,1
cup/empty/000325.png,cup,0
cup/empty/000326.png,cup,0
cup/half/000327.png,cup,1
cup/full/000328.png,cup,2
cup/full/000329.png,cup,2
cup/full/000330.png,cup,2
cup/empty/000331.png,cup,0
cup/empty/000332.png,cup,0
cup/full/000333.png,cup,2
cup/half/000334.png,cup,1
cup/full/000335.png,cup,2
cup/empty/000336.png,cup,0
cup/full/000337.png,cup,2
cup/half/000338.png,cup,1
cup/half/000339.png,cup,1
cup/half/000340.png,cup,1
cup/full/000341.png,cup,2
cup/half/000342.png,cup,1
cup/half/000343.png,cup,1
cup/full/000344.png,cup,2
cup/empty/000345.png,cup,0
cup/half/000346.png,cup,1
cup/full/000347.png,cup,2
cup/full/000348.png,cup,2
cup/half/000349.png,cup,1
cup/empty/000350.png,cup,0
cup/full/000351.png,cup,2
cup/half/000352.png,cup,1
cup/full/000353.png,cup,2
cup/full/000354.png,cup,2
cup/full/000355.png,cup,2
cup/full/000356.png,cup,2
cup/full/000357.png,cup,2
cup/half/000358.png,cup,1
cup/half/000359.png,cup,1
cup/full/000360.png,cup,2
cup/empty/000361.png,cup,0
cup/empty/000362.png,cup,0
cup/empty/000363.png,cup,0
cup/half/000364.png,cup,1
cup/empty/000365.png,cup,0
cup/full/000366.png,cup,2
cup/empty/000367.png,cup,0
cup/empty/000368.png,cup,0
cup/full/000369.png,cup,2
cup/empty/000370.png,cup,0
cup/half/000371.png,cup,1
cup/half/000372.png,cup,1
cup/full/000373.png,cup,2
cup/empty/000374.png,cup,0
cup/full/000375.png,cup,2
cup/half/000376.png,cup,1
cup/empty/000377.png,cup,0
cup/full/000378.png,cup,2
cup/half/000379.png,cup,1
cup/empty/000380.png,cup,0
cup/full/000381.png,cup,2
cup/half/000382.png,cup,1
cup/full/000383.png,cup,2
cup/full/000384.png,cup,2
cup/full/000385.png,cup,2
cup/half/000386.png,cup,1
cup/empty/000387.png,cup,0
cup/half/000388.png,cup,1
cup/half/000389.png,cup,1
cup/empty/000390.png,cup,0
cup/half/000391.png,cup,1
cup/half/000392.png,cup,1
cup/full/000393.png,cup,2
cup/half/000394.png,cup,1
cup/half/000395.png,cup,1
cup/half/000396.png,cup,1
cup/full/000397.png,cup,2
cup/full/000398.png,cup,2
cup/half/000399.png,cup,1
cup/full/000400.png,cup,2
cup/half/000401.png,cup,1
cup/full/000402.png,cup,2
cup/full/000403.png,cup,2
cup/half/000404.png,cup,1
cup/empty/000405.png,cup,0
cup/full/000406.png,cup,2
cup/half/000407.png,cup,1
cup/full/000408.png,cup,2
cup/empty/000409.png,cup,0
cup/full/000410.png,cup,2
cup/empty/000411.png,cup,0
cup/half/000412.png,cup,1
cup/half/000413.png,cup,1
cup/full/000414.png,cup,2
cup/full/000415.png,cup,2
cup/full/000416.png,cup,2
cup/half/000417.png,cup,1
cup/half/000418.png,cup,1
cup/empty/000419.png,cup,0
cup/full/000420.png,cup,2
cup/empty/000421.png,cup,0
cup/full/000422.png,cup,2
cup/full/000423.png,cup,2
cup/full/000424.png,cup,2
cup/half/000425.png,cup,1
cup/half/000426.png,cup,1
cup/half/000427.png,cup,1
cup/half/000428.png,cup,1
cup/half/000429.png,cup,1
cup/full/000430.png,cup,2
cup/half/000431.png,cup,1
cup/full/000432.png,cup,2
cup/full/000433.png,cup,2
cup/full/000434.png,cup,2
cup/half/000435.png,cup,1
cup/full/000436.png,cup,2
cup/half/000437.png,cup,1
cup/half/000438.png,cup,1
cup/half/000439.png,cup,1
cup/half/000440.png,cup,1
cup/full/000441.png,cup,2
cup/full/000442.png,cup,2
cup/half/000443.png,cup,1
cup/half/000444.png,cup,1
cup/half/000445.png,cup,1
cup/full/000446.png,cup,2
cup/half/000447.png,cup,1
cup/half/000448.png,cup,1
cup/full/000449.png,cup,2
cup/full/000450.png,cup,2
cup/half/000451.png,cup,1
cup/full/000452.png,cup,2
cup/half/000453.png,cup,1
cup/half/000454.png,cup,1
cup/full/000455.png,cup,2
cup/full/000456.png,cup,2
cup/full/000457.png,cup,2
cup/full/000458.png,cup,2
cup/full/000459.png,cup,2
cup/full/000460.png,cup,2
cup/half/000461.png,cup,1
cup/empty/000462.png,cup,0
cup/half/000463.png,cup,1
cup/empty/000464.png,cup,0
cup/half/000465.png,cup,1
cup/half/000466.png,cup,1
cup/half/000467.png,cup,1
cup/empty/000468.png,cup,0
cup/empty/000469.png,cup,0
cup/half/000470.png,cup,1
cup/half/000471.png,cup,1
cup/half/000472.png,cup,1
cup/full/000473.png,cup,2
cup/full/000474.png,cup,2
cup/full/000475.png,cup,2
cup/full/000476.png,cup,2
cup/half/000477.png,cup,1
cup/half/000478.png,cup,1
cup/full/000479.png,cup,2
cup/half/000480.png,cup,1
cup/half/000481.png,cup,1
cup/half/000482.png,cup,1
cup/half/000483.png,cup,1
cup/full/000484.png,cup,2
cup/full/000485.png,cup,2
cup/empty/000486.png,cup,0
cup/empty/000487.png,cup,0
cup/full/000488.png,cup,2
cup/full/000489.png,cup,2
cup/half/000490.png,cup,1
cup/empty/000491.png,cup,0
cup/full/000492.png,cup,2
cup/half/000493.png,cup,1
cup/half/000494.png,cup,1
cup/half/000495.png,cup,1
cup/full/000496.png,cup,2
cup/full/000497.png,cup,2
cup/full/000498.png,cup,2
cup/full/000499.png,cup,2
cup/half/000500.png,cup,1
cup/empty/000501.png,cup,0
cup/full/000502.png,cup,2
cup/half/000503.png,cup,1
cup/full/000504.png,cup,2
cup/half/000505.png,cup,1
cup/full/000506.png,cup,2
cup/half/000507.png,cup,1
cup/half/000508.png,cup,1
cup/half/000509.png,cup,1
cup/full/000510.png,cup,2
cup/half/000511.png,cup,1
cup/full/000512.png,cup,2
cup/empty/000513.png,cup,0
cup/half/000514.png,cup,1
cup/half/000515.png,cup,1
cup/half/000516.png,cup,1
cup/half/000517.png,cup,1
cup/half/000518.png,cup,1
cup/full/000519.png,cup,2
cup/half/000520.png,cup,1
cup/full/000521.png,cup,2
cup/half/000522.png,cup,1
cup/empty/000523.png,cup,0
cup/half/000524.png,cup,1
cup/half/000525.png,cup,1
cup/half/000526.png,cup,1
cup/half/000527.png,cup,1
cup/half/000528.png,cup,1
cup/half/000529.png,cup,1
cup/full/000530.png,cup,2
cup/full/000531.png,cup,2
cup/full/000532.png,cup,2
cup/empty/000533.png,cup,0
cup/full/000534.png,cup,2
cup/half/000535.png,cup,1
cup/half/000536.png,cup,1
cup/full/000537.png,cup,2
cup/full/000538.png,cup,2
cup/full/000539.png,cup,2
cup/full/000540.png,cup,2
cup/full/000541.png,cup,2
cup/full/000542.png,cup,2
cup/full/000543.png,cup,2
cup/half/000544.png,cup,1
cup/half/000545.png,cup,1
cup/full/000546.png,cup,2
cup/half/000547.png,cup,1
cup/half/000548.png,cup,1
cup/half/000549.png,cup,1
cup/half/000550.png,cup,1
cup/empty/000551.png,cup,0
cup/empty/000552.png,cup,0
cup/empty/000553.png,cup,0
cup/empty/000554.png,cup,0
cup/half/000555.png,cup,1
cup/half/000556.png,cup,1
cup/half/000557.png,cup,1
cup/half/000558.png,cup,1
cup/empty/000559.png,cup,0
cup/full/000560.png,cup,2
cup/half/000561.png,cup,1
cup/full/000562.png,cup,2
cup/full/000563.png,cup,2
cup/half/000564.png,cup,1
cup/half/000565.png,cup,1
cup/half/000566.png,cup,1
cup/half/000567.png,cup,1
cup/half/000568.png,cup,1
cup/full/000569.png,cup,2
cup/half/000570.png,cup,1
cup/half/000571.png,cup,1
cup/half/000572.png,cup,1
cup/half/000573.png,cup,1
cup/half/000574.png,cup,1
cup/empty/000575.png,cup,0
cup/full/000576.png,cup,2
cup/full/000577.png,cup,2
cup/half/000578.png,cup,1
cup/half/000579.png,cup,1
cup/half/000580.png,cup,1
cup/full/000581.png,cup,2
cup/full/000582.png,cup,2
cup/half/000583.png,cup,1
cup/empty/000584.png,cup,0
cup/half/000585.png,cup,1
cup/half/000586.png,cup,1
cup/empty/000587.png,cup,0
cup/half/000588.png,cup,1
cup/half/000589.png,cup,1
cup/half/000590.png,cup,1
cup/full/000591.png,cup,2
cup/full/000592.png,cup,2
cup/empty/000593.png,cup,0
cup/full/000594.png,cup,2
cup/half/000595.png,cup,1
cup/half/000596.png,cup,1
cup/full/000597.png,cup,2
cup/full/000598.png,cup,2
cup/full/000599.png,cup,2
cup/half/000600.png,cup,1
cup/half/000601.png,cup,1
cup/empty/000602.png,cup,0
cup/full/000603.png,cup,2
cup/half/000604.png,cup,1
cup/half/000605.png,cup,1
cup/empty/000606.png,cup,0
cup/full/000607.png,cup,2
cup/half/000608.png,cup,1
cup/half/000609.png,cup,1
cup/full/000610.png,cup,2
cup/full/000611.png,cup,2
cup/full/000612.png,cup,2
cup/half/000613.png,cup,1
cup/half/000614.png,cup,1
cup/half/000615.png,cup,1
cup/full/000616.png,cup,2
cup/empty/000617.png,cup,0
cup/full/000618.png,cup,2
cup/half/000619.png,cup,1
cup/full/000620.png,cup,2
cup/empty/000621.png,cup,0
cup/full/000622.png,cup,2
cup/empty/000623.png,cup,0
cup/full/000624.png,cup,2
cup/half/000625.png,cup,1
cup/full/000626.png,cup,2
cup/empty/000627.png,cup,0
cup/full/000628.png,cup,2
cup/full/000629.png,cup,2
cup/full/000630.png,cup,2
cup/half/000631.png,cup,1
cup/full/000632.png,cup,2
cup/half/000633.png,cup,1
cup/half/000634.png,cup,1
cup/full/000635.png,cup,2
cup/half/000636.png,cup,1
cup/empty/000637.png,cup,0
cup/half/000638.png,cup,1
cup/half/000639.png,cup,1
cup/half/000640.png,cup,1
cup/half/000641.png,cup,1
cup/half/000642.png,cup,1
cup/empty/000643.png,cup,0
cup/half/000644.png,cup,1
cup/half/000645.png,cup,1
cup/empty/000646.png,cup,0
cup/full/000647.png,cup,2
cup/full/000648.png,cup,2
cup/half/000649.png,cup,1
cup/full/000650.png,cup,2
cup/empty/000651.png,cup,0
cup/full/000652.png,cup,2
cup/full/000653.png,cup,2
cup/half/000654.png,cup,1
cup/empty/000655.png,cup,0
cup/empty/000656.png,cup,0
cup/half/000657.png,cup,1
cup/empty/000658.png,cup,0
cup/half/000659.png,cup,1
cup/half/000660.png,cup,1
cup/half/000661.png,cup,1
cup/full/000662.png,cup,2
cup/full/000663.png,cup,2
cup/half/000664.png,cup,1
cup/half/000665.png,cup,1
cup/half/000666.png,cup,1
cup/full/000667.png,cup,2
cup/full/000668.png,cup,2
cup/half/000669.png,cup,1
cup/half/000670.png,cup,1
cup/full/000671.png,cup,2
cup/full/000672.png,cup,2
cup/full/000673.png,cup,2
cup/half/000674.png,cup,1
cup/empty/000675.png,cup,0
cup/half/000676.png,cup,1
cup/full/000677.png,cup,2
cup/full/000678.png,cup,2
cup/full/000679.png,cup,2
cup/full/000680.png,cup,2
cup/half/000681.png,cup,1
cup/full/000682.png,cup,2
cup/half/000683.png,cup,1
cup/half/000684.png,cup,1
cup/half/000685.png,cup,1
cup/full/000686.png,cup,2
cup/half/000687.png,cup,1
cup/empty/000688.png,cup,0
cup/half/000689.png,cup,1
cup/half/000690.png,cup,1
cup/half/000691.png,cup,1
cup/empty/000692.png,cup,0
cup/half/000693.png,cup,1
cup/half/000694.png,cup,1
cup/half/000695.png,cup,1
cup/empty/000696.png,cup,0
cup/full/000697.png,cup,2
cup/full/000698.png,cup,2
cup/half/000699.png,cup,1
cup/half/000700.png,cup,1
cup/empty/000701.png,cup,0
cup/full/000702.png,cup,2
cup/half/000703.png,cup,1
cup/half/000704.png,cup,1
cup/half/000705.png,cup,1
cup/full/000706.png,cup,2
cup/empty/000707.png,cup,0
cup/full/000708.png,cup,2
cup/full/000709.png,cup,2
cup/half/000710.png,cup,1
cup/full/000711.png,cup,2
cup/half/000712.png,cup,1
cup/full/000713.png,cup,2
cup/full/000714.png,cup,2
cup/full/000715.png,cup,2
cup/half/000716.png,cup,1
cup/half/000717.png,cup,1
cup/full/000718.png,cup,2
cup/empty/000719.png,cup,0
cup/full/000720.png,cup,2
cup/half/000721.png,cup,1
cup/full/000722.png,cup,2
cup/empty/000723.png,cup,0
cup/empty/000724.png,cup,0
cup/half/000725.png,cup,1
cup/half/000726.png,cup,1
cup/half/000727.png,cup,1
cup/half/000728.png,cup,1
cup/half/000729.png,cup,1
cup/full/000730.png,cup,2
cup/full/000731.png,cup,2
cup/empty/000732.png,cup,0
cup/empty/000733.png,cup,0
cup/half/000734.png,cup,1
cup/empty/000735.png,cup,0
cup/half/000736.png,cup,1
cup/half/000737.png,cup,1
cup/empty/000738.png,cup,0
cup/full/000739.png,cup,2
cup/full/000740.png,cup,2
cup/empty/000741.png,cup,0
cup/empty/000742.png,cup,0
cup/half/000743.png,cup,1
cup/full/000744.png,cup,2
cup/full/000745.png,cup,2
cup/half/000746.png,cup,1
cup/empty/000747.png,cup,0
cup/full/000748.png,cup,2
cup/full/000749.png,cup,2
cup/empty/000750.png,cup,0
cup/half/000751.png,cup,1
cup/half/000752.png,cup,1
cup/full/000753.png,cup,2
cup/empty/000754.png,cup,0
cup/full/000755.png,cup,2
cup/half/000756.png,cup,1
cup/empty/000757.png,cup,0
cup/empty/000758.png,cup,0
cup/half/000759.png,cup,1
cup/full/000760.png,cup,2
cup/half/000761.png,cup,1
cup/full/000762.png,cup,2
cup/empty/000763.png,cup,0
cup/half/000764.png,cup,1
cup/half/000765.png,cup,1
cup/half/000766.png,cup,1
cup/half/000767.png,cup,1
cup/half/000768.png,cup,1
cup/half/000769.png,cup,1
cup/half/000770.png,cup,1
cup/full/000771.png,cup,2
cup/full/000772.png,cup,2
cup/half/000773.png,cup,1
cup/half/000774.png,cup,1
cup/half/000775.png,cup,1
cup/half/000776.png,cup,1
cup/empty/000777.png,cup,0
cup/half/000778.png,cup,1
cup/full/000779.png,cup,2
cup/full/000780.png,cup,2
cup/full/000781.png,cup,2
cup/half/000782.png,cup,1
cup/half/000783.png,cup,1
cup/full/000784.png,cup,2
cup/full/000785.png,cup,2
cup/full/000786.png,cup,2
cup/half/000787.png,cup,1
cup/half/000788.png,cup,1
cup/empty/000789.png,cup,0
cup/half/000790.png,cup,1
cup/full/000791.png,cup,2
cup/full/000792.png,cup,2
cup/half/000793.png,cup,1
cup/full/000794.png,cup,2
cup/half/000795.png,cup,1
cup/half/000796.png,cup,1
cup/half/000797.png,cup,1
cup/half/000798.png,cup,1
cup/full/000799.png,cup,2
cup/half/000800.png,cup,1
cup/full/000801.png,cup,2
cup/full/000802.png,cup,2
cup/full/000803.png,cup,2
cup/full/000804.png,cup,2
cup/full/000805.png,cup,2
cup/full/000806.png,cup,2
cup/full/000807.png,cup,2
cup/half/000808.png,cup,1
cup/empty/000809.png,cup,0
cup/full/000810.png,cup,2
cup/full/000811.png,cup,2
cup/full/000812.png,cup,2
cup/full/000813.png,cup,2
cup/half/000814.png,cup,1
cup/empty/000815.png,cup,0
cup/empty/000816.png,cup,0
cup/full/000817.png,cup,2
cup/full/000818.png,cup,2
cup/empty/000819.png,cup,0
cup/half/000820.png,cup,1
cup/half/000821.png,cup,1
cup/full/000822.png,cup,2
cup/full/000823.png,cup,2
cup/full/000824.png,cup,2
cup/full/000825.png,cup,2
cup/full/000826.png,cup,2
cup/full/000827.png,cup,2
cup/half/000828.png,cup,1
cup/half/000829.png,cup,1
cup/empty/000830.png,cup,0
cup/full/000831.png,cup,2
cup/half/000832.png,cup,1
cup/full/000833.png,cup,2
cup/full/000834.png,cup,2
cup/full/000835.png,cup,2
cup/half/000836.png,cup,1
cup/half/000837.png,cup,1
cup/full/000838.png,cup,2
cup/half/000839.png,cup,1
cup/half/000840.png,cup,1
cup/half/000841.png,cup,1
cup/half/000842.png,cup,1
cup/full/000843.png,cup,2
cup/empty/000844.png,cup,0
cup/full/000845.png,cup,2
cup/half/000846.png,cup,1
cup/empty/000847.png,cup,0
cup/full/000848.png,cup,2
cup/half/000849.png,cup,1
cup/half/000850.png,cup,1
cup/full/000851.png,cup,2
cup/half/000852.png,cup,1
cup/half/000853.png,cup,1
cup/full/000854.png,cup,2
cup/full/000855.png,cup,2
cup/full/000856.png,cup,2
cup/half/000857.png,cup,1
cup/full/000858.png,cup,2
cup/full/000859.png,cup,2
cup/half/000860.png,cup,1
cup/full/000861.png,cup,2
cup/half/000862.png,cup,1
cup/half/000863.png,cup,1
cup/empty/000864.png,cup,0
cup/full/000865.png,cup,2
cup/full/000866.png,cup,2
cup/half/000867.png,cup,1
cup/full/000868.png,cup,2
cup/half/000869.png,cup,1
cup/half/000870.png,cup,1
cup/empty/000871.png,cup,0
cup/full/000872.png,cup,2
cup/half/000873.png,cup,1
cup/full/000874.png,cup,2
cup/full/000875.png,cup,2
cup/full/000876.png,cup,2
cup/full/000877.png,cup,2
cup/full/000878.png,cup,2
cup/full/000879.png,cup,2
cup/full/000880.png,cup,2
cup/half/000881.png,cup,1
cup/full/000882.png,cup,2
cup/half/000883.png,cup,1
cup/half/000884.png,cup,1
cup/half/000885.png,cup,1
cup/full/000886.png,cup,2
cup/half/000887.png,cup,1
cup/full/000888.png,cup,2
cup/half/000889.png,cup,1
cup/empty/000890.png,cup,0
cup/full/000891.png,cup,2
cup/full/000892.png,cup,2
cup/full/000893.png,cup,2
cup/half/000894.png,cup,1
cup/half/000895.png,cup,1
cup/half/000896.png,cup,1
cup/full/000897.png,cup,2
cup/half/000898.png,cup,1
cup/half/000899.png,cup,1
cup/half/000900.png,cup,1
cup/full/000901.png,cup,2
cup/full/000902.png,cup,2
cup/full/000903.png,cup,2
cup/full/000904.png,cup,2
cup/full/000905.png,cup,2
cup/half/000906.png,cup,1
cup/half/000907.png,cup,1
cup/full/000908.png,cup,2
cup/full/000909.png,cup,2
cup/full/000910.png,cup,2
cup/full/000911.png,cup,2
cup/full/000912.png,cup,2
cup/half/000913.png,cup,1
cup/full/000914.png,cup,2
cup/half/000915.png,cup,1
cup/half/000916.png,cup,1
cup/half/000917.png,cup,1
cup/full/000918.png,cup,2
cup/half/000919.png,cup,1
cup/half/000920.png,cup,1
cup/empty/000921.png,cup,0
cup/empty/000922.png,cup,0
cup/empty/000923.png,cup,0
cup/half/000924.png,cup,1
cup/half/000925.png,cup,1
cup/half/000926.png,cup,1
cup/half/000927.png,cup,1
cup/full/000928.png,cup,2
cup/full/000929.png,cup,2
cup/full/000930.png,cup,2
cup/full/000931.png,cup,2
cup/half/000932.png,cup,1
cup/empty/000933.png,cup,0
cup/full/000934.png,cup,2
cup/half/000935.png,cup,1
cup/full/000936.png,cup,2
cup/full/000937.png,cup,2
cup/empty/000938.png,cup,0
cup/half/000939.png,cup,1
cup/full/000940.png,cup,2
cup/full/000941.png,cup,2
cup/full/000942.png,cup,2
cup/full/000943.png,cup,2
cup/half/000944.png,cup,1
cup/half/000945.png,cup,1
cup/half/000946.png,cup,1
cup/half/000947.png,cup,1
cup/half/000948.png,cup,1
cup/half/000949.png,cup,1
cup/half/000950.png,cup,1
cup/empty/000951.png,cup,0
cup/half/000952.png,cup,1
cup/full/000953.png,cup,2
cup/half/000954.png,cup,1
cup/full/000955.png,cup,2
cup/half/000956.png,cup,1
cup/full/000957.png,cup,2
cup/full/000958.png,cup,2
cup/half/000959.png,cup,1
cup/half/000960.png,cup,1
cup/empty/000961.png,cup,0
cup/empty/000962.png,cup,0
cup/full/000963.png,cup,2
cup/full/000964.png,cup,2
cup/full/000965.png,cup,2
cup/half/000966.png,cup,1
cup/half/000967.png,cup,1
cup/full/000968.png,cup,2
cup/empty/000969.png,cup,0
cup/full/000970.png,cup,2
cup/half/000971.png,cup,1
cup/full/000972.png,cup,2
cup/half/000973.png,cup,1
cup/full/000974.png,cup,2
cup/full/000975.png,cup,2
cup/half/000976.png,cup,1
cup/full/000977.png,cup,2
cup/half/000978.png,cup,1
cup/empty/000979.png,cup,0
cup/half/000980.png,cup,1
cup/half/000981.png,cup,1
cup/full/000982.png,cup,2
cup/half/000983.png,cup,1
cup/half/000984.png,cup,1
cup/half/000985.png,cup,1
cup/half/000986.png,cup,1
cup/full/000987.png,cup,2
cup/empty/000988.png,cup,0
cup/half/000989.png,cup,1
cup/half/000990.png,cup,1
cup/full/000991.png,cup,2
cup/full/000992.png,cup,2
cup/empty/000993.png,cup,0
cup/full/000994.png,cup,2
cup/full/000995.png,cup,2
cup/empty/000996.png,cup,0
cup/half/000997.png,cup,1
cup/half/000998.png,cup,1
cup/empty/000999.png,cup,0
cup/half/001000.png,cup,1
cup/empty/001001.png,cup,0
cup/full/001002.png,cup,2
cup/half/001003.png,cup,1
cup/empty/001004.png,cup,0
cup/half/001005.png,cup,1
cup/empty/001006.png,cup,0
cup/half/001007.png,cup,1
cup/full/001008.png,cup,2
cup/half/001009.png,cup,1
cup/half/001010.png,cup,1
cup/full/001011.png,cup,2
cup/full/001012.png,cup,2
cup/half/001013.png,cup,1
cup/half/001014.png,cup,1
cup/full/001015.png,cup,2
cup/empty/001016.png,cup,0
cup/full/001017.png,cup,2
cup/full/001018.png,cup,2
cup/half/001019.png,cup,1
cup/empty/001020.png,cup,0
cup/full/001021.png,cup,2
cup/half/001022.png,cup,1
cup/full/001023.png,cup,2
cup/full/001024.png,cup,2
cup/half/001025.png,cup,1
cup/empty/001026.png,cup,0
cup/half/001027.png,cup,1
cup/full/001028.png,cup,2
cup/half/001029.png,cup,1
cup/full/001030.png,cup,2
cup/empty/001031.png,cup,0
cup/half/001032.png,cup,1
cup/half/001033.png,cup,1
cup/half/001034.png,cup,1
cup/half/001035.png,cup,1
cup/full/001036.png,cup,2
cup/half/001037.png,cup,1
cup/full/001038.png,cup,2
cup/full/001039.png,cup,2
cup/half/001040.png,cup,1
cup/full/001041.png,cup,2
cup/half/001042.png,cup,1
cup/full/001043.png,cup,2
cup/half/001044.png,cup,1
cup/half/001045.png,cup,1
cup/full/001046.png,cup,2
cup/half/001047.png,cup,1
cup/half/001048.png,cup,1
cup/half/001049.png,cup,1
cup/full/001050.png,cup,2
cup/half/001051.png,cup,1
cup/half/001052.png,cup,1
cup/full/001053.png,cup,2
cup/full/001054.png,cup,2
cup/half/001055.png,cup,1
cup/full/001056.png,cup,2
cup/half/001057.png,cup,1
cup/full/001058.png,cup,2
cup/half/001059.png,cup,1
cup/full/001060.png,cup,2
cup/half/001061.png,cup,1
cup/half/001062.png,cup,1
cup/half/001063.png,cup,1
cup/full/001064.png,cup,2
cup/empty/001065.png,cup,0
cup/half/001066.png,cup,1
cup/empty/001067.png,cup,0
cup/full/001068.png,cup,2
cup/full/001069.png,cup,2
cup/half/001070.png,cup,1
cup/empty/001071.png,cup,0
cup/full/001072.png,cup,2
cup/empty/001073.png,cup,0
cup/full/001074.png,cup,2
cup/half/001075.png,cup,1
cup/full/001076.png,cup,2
cup/full/001077.png,cup,2
cup/half/001078.png,cup,1
cup/empty/001079.png,cup,0
cup/full/001080.png,cup,2
cup/full/001081.png,cup,2
cup/half/001082.png,cup,1
cup/half/001083.png,cup,1
cup/full/001084.png,cup,2
cup/half/001085.png,cup,1
cup/half/001086.png,cup,1
cup/half/001087.png,cup,1
cup/empty/001088.png,cup,0
cup/half/001089.png,cup,1
cup/half/001090.png,cup,1
cup/half/001091.png,cup,1
cup/full/001092.png,cup,2
cup/half/001093.png,cup,1
cup/half/001094.png,cup,1
cup/half/001095.png,cup,1
cup/half/001096.png,cup,1
cup/half/001097.png,cup,1
cup/full/001098.png,cup,2
cup/half/001099.png,cup,1
cup/half/001100.png,cup,1
cup/empty/001101.png,cup,0
cup/empty/001102.png,cup,0
cup/half/001103.png,cup,1
cup/full/001104.png,cup,2
cup/empty/001105.png,cup,0
cup/empty/001106.png,cup,0
cup/full/001107.png,cup,2
cup/half/001108.png,cup,1
cup/empty/001109.png,cup,0
cup/half/001110.png,cup,1
cup/full/001111.png,cup,2
cup/full/001112.png,cup,2
cup/full/001113.png,cup,2
cup/half/001114.png,cup,1
cup/empty/001115.png,cup,0
cup/half/001116.png,cup,1
cup/half/001117.png,cup,1
cup/full/001118.png,cup,2
cup/half/001119.png,cup,1
cup/empty/001120.png,cup,0
cup/half/001121.png,cup,1
cup/full/001122.png,cup,2
cup/half/001123.png,cup,1
cup/half/001124.png,cup,1
cup/half/001125.png,cup,1
cup/full/001126.png,cup,2
cup/full/001127.png,cup,2
cup/half/001128.png,cup,1
cup/full/001129.png,cup,2
cup/half/001130.png,cup,1
cup/half/001131.png,cup,1
cup/half/001132.png,cup,1
cup/full/001133.png,cup,2
cup/full/001134.png,cup,2
cup/full/001135.png,cup,2
cup/full/001136.png,cup,2
cup/full/001137.png,cup,2
cup/full/001138.png,cup,2
cup/full/001139.png,cup,2
cup/full/001140.png,cup,2
cup/half/001141.png,cup,1
cup/full/001142.png,cup,2
cup/half/001143.png,cup,1
cup/half/001144.png,cup,1
cup/half/001145.png,cup,1
cup/full/001146.png,cup,2
cup/half/001147.png,cup,1
cup/half/001148.png,cup,1
cup/full/001149.png,cup,2
cup/full/001150.png,cup,2
cup/half/001151.png,cup,1
cup/half/001152.png,cup,1
cup/half/001153.png,cup,1
cup/half/001154.png,cup,1
cup/full/001155.png,cup,2
cup/half/001156.png,cup,1
cup/full/001157.png,cup,2
cup/empty/001158.png,cup,0
cup/full/001159.png,cup,2
cup/full/001160.png,cup,2
cup/empty/001161.png,cup,0
cup/half/001162.png,cup,1
cup/full/001163.png,cup,2
cup/half/001164.png,cup,1
cup/empty/001165.png,cup,0
cup/full/001166.png,cup,2
cup/empty/001167.png,cup,0
cup/full/001168.png,cup,2
cup/full/001169.png,cup,2
cup/half/001170.png,cup,1
cup/full/001171.png,cup,2
cup/full/001172.png,cup,2
cup/half/001173.png,cup,1
cup/half/001174.png,cup,1
cup/full/001175.png,cup,2
cup/full/001176.png,cup,2
cup/empty/001177.png,cup,0
cup/full/001178.png,cup,2
cup/full/001179.png,cup,2
cup/full/001180.png,cup,2
cup/full/001181.png,cup,2
cup/half/001182.png,cup,1
cup/half/001183.png,cup,1
cup/full/001184.png,cup,2
cup/full/001185.png,cup,2
cup/half/001186.png,cup,1
cup/full/001187.png,cup,2
cup/full/001188.png,cup,2
cup/full/001189.png,cup,2
cup/full/001190.png,cup,2
cup/full/001191.png,cup,2
cup/full/001192.png,cup,2
cup/full/001193.png,cup,2
cup/full/001194.png,cup,2
cup/half/001195.png,cup,1
cup/full/001196.png,cup,2
cup/full/001197.png,cup,2
cup/half/001198.png,cup,1
cup/full/001199.png,cup,2
cup/half/001200.png,cup,1
cup/half/001201.png,cup,1
cup/half/001202.png,cup,1
cup/full/001203.png,cup,2
cup/full/001204.png,cup,2
cup/half/001205.png,cup,1
cup/empty/001206.png,cup,0
cup/full/001207.png,cup,2
cup/full/001208.png,cup,2
cup/half/001209.png,cup,1
cup/full/001210.png,cup,2
cup/full/001211.png,cup,2
cup/half/001212.png,cup,1
cup/full/001213.png,cup,2
cup/full/001214.png,cup,2
cup/half/001215.png,cup,1
cup/full/001216.png,cup,2
cup/half/001217.png,cup,1
cup/half/001218.png,cup,1
cup/full/001219.png,cup,2
cup/half/001220.png,cup,1
cup/full/001221.png,cup,2
cup/full/001222.png,cup,2
cup/full/001223.png,cup,2
cup/full/001224.png,cup,2
cup/full/001225.png,cup,2
cup/half/001226.png,cup,1
cup/half/001227.png,cup,1
cup/half/001228.png,cup,1
cup/full/001229.png,cup,2
cup/half/001230.png,cup,1
cup/full/001231.png,cup,2
cup/full/001232.png,cup,2
cup/full/001233.png,cup,2
cup/half/001234.png,cup,1
cup/half/001235.png,cup,1
cup/full/001236.png,cup,2
cup/full/001237.png,cup,2
cup/half/001238.png,cup,1
cup/empty/001239.png,cup,0
cup/full/001240.png,cup,2
cup/empty/001241.png,cup,0
cup/half/001242.png,cup,1
cup/full/001243.png,cup,2
cup/full/001244.png,cup,2
cup/full/001245.png,cup,2
cup/full/001246.png,cup,2
cup/full/001247.png,cup,2
cup/full/001248.png,cup,2
cup/half/001249.png,cup,1
cup/full/001250.png,cup,2
cup/half/001251.png,cup,1
cup/full/001252.png,cup,2
cup/half/001253.png,cup,1
cup/half/001254.png,cup,1
cup/empty/001255.png,cup,0
cup/full/001256.png,cup,2
cup/full/001257.png,cup,2
cup/half/001258.png,cup,1
cup/full/001259.png,cup,2
cup/full/001260.png,cup,2
cup/empty/001261.png,cup,0
cup/full/001262.png,cup,2
cup/full/001263.png,cup,2
cup/half/001264.png,cup,1
cup/half/001265.png,cup,1
cup/full/001266.png,cup,2
cup/half/001267.png,cup,1
cup/half/001268.png,cup,1
cup/half/001269.png,cup,1
cup/full/001270.png,cup,2
cup/half/001271.png,cup,1
cup/half/001272.png,cup,1
cup/full/001273.png,cup,2
cup/half/001274.png,cup,1
cup/empty/001275.png,cup,0
cup/full/001276.png,cup,2
cup/full/001277.png,cup,2
cup/half/001278.png,cup,1
cup/half/001279.png,cup,1
cup/full/001280.png,cup,2
cup/half/001281.png,cup,1
cup/full/001282.png,cup,2
cup/half/001283.png,cup,1
cup/half/001284.png,cup,1
cup/empty/001285.png,cup,0
cup/empty/001286.png,cup,0
cup/half/001287.png,cup,1
cup/full/001288.png,cup,2
cup/half/001289.png,cup,1
cup/half/001290.png,cup,1
cup/half/001291.png,cup,1
cup/full/001292.png,cup,2
cup/half/001293.png,cup,1
cup/full/001294.png,cup,2
cup/empty/001295.png,cup,0
cup/half/001296.png,cup,1
cup/full/001297.png,cup,2
cup/full/001298.png,cup,2
cup/half/001299.png,cup,1
cup/half/001300.png,cup,1
cup/full/001301.png,cup,2
cup/full/001302.png,cup,2
cup/full/001303.png,cup,2
cup/half/001304.png,cup,1
cup/full/001305.png,cup,2
cup/half/001306.png,cup,1
cup/half/001307.png,cup,1
cup/half/001308.png,cup,1
cup/full/001309.png,cup,2
cup/half/001310.png,cup,1
cup/full/001311.png,cup,2
cup/full/001312.png,cup,2
cup/empty/001313.png,cup,0
cup/half/001314.png,cup,1
cup/half/001315.png,cup,1
cup/half/001316.png,cup,1
cup/full/001317.png,cup,2
cup/empty/001318.png,cup,0
cup/full/001319.png,cup,2
cup/full/001320.png,cup,2
cup/half/001321.png,cup,1
cup/full/001322.png,cup,2
cup/half/001323.png,cup,1
cup/full/001324.png,cup,2
cup/full/001325.png,cup,2
cup/half/001326.png,cup,1
cup/empty/001327.png,cup,0
cup/half/001328.png,cup,1
cup/full/001329.png,cup,2
cup/full/001330.png,cup,2
cup/half/001331.png,cup,1
cup/full/001332.png,cup,2
cup/half/001333.png,cup,1
cup/empty/001334.png,cup,0
cup/full/001335.png,cup,2
cup/half/001336.png,cup,1
cup/half/001337.png,cup,1
cup/empty/001338.png,cup,0
cup/full/001339.png,cup,2
cup/half/001340.png,cup,1
cup/half/001341.png,cup,1
cup/half/001342.png,cup,1
cup/full/001343.png,cup,2
cup/full/001344.png,cup,2
cup/full/001345.png,cup,2
cup/full/001346.png,cup,2
cup/full/001347.png,cup,2
cup/half/001348.png,cup,1
cup/empty/001349.png,cup,0
cup/full/001350.png,cup,2
cup/full/001351.png,cup,2
cup/full/001352.png,cup,2
cup/full/001353.png,cup,2
cup/half/001354.png,cup,1
cup/half/001355.png,cup,1
cup/full/001356.png,cup,2
cup/full/001357.png,cup,2
cup/half/001358.png,cup,1
cup/full/001359.png,cup,2
cup/half/001360.png,cup,1
cup/full/001361.png,cup,2
cup/half/001362.png,cup,1
cup/half/001363.png,cup,1
cup/full/001364.png,cup,2
cup/half/001365.png,cup,1
cup/half/001366.png,cup,1
cup/empty/001367.png,cup,0
cup/full/001368.png,cup,2
cup/full/001369.png,cup,2
cup/half/001370.png,cup,1
cup/full/001371.png,cup,2
cup/full/001372.png,cup,2
cup/empty/001373.png,cup,0
cup/full/001374.png,cup,2
cup/empty/001375.png,cup,0
cup/full/001376.png,cup,2
cup/half/001377.png,cup,1
cup/full/001378.png,cup,2
cup/empty/001379.png,cup,0
cup/half/001380.png,cup,1
cup/half/001381.png,cup,1
cup/full/001382.png,cup,2
cup/full/001383.png,cup,2
cup/half/001384.png,cup,1
cup/empty/001385.png,cup,0
cup/half/001386.png,cup,1
cup/half/001387.png,cup,1
cup/empty/001388.png,cup,0
cup/half/001389.png,cup,1
cup/half/001390.png,cup,1
cup/empty/001391.png,cup,0
cup/full/001392.png,cup,2
cup/half/001393.png,cup,1
cup/full/001394.png,cup,2
cup/half/001395.png,cup,1
cup/full/001396.png,cup,2
cup/empty/001397.png,cup,0
cup/full/001398.png,cup,2
cup/half/001399.png,cup,1
cup/full/001400.png,cup,2
cup/half/001401.png,cup,1
cup/half/001402.png,cup,1
cup/empty/001403.png,cup,0
cup/full/001404.png,cup,2
cup/empty/001405.png,cup,0
cup/full/001406.png,cup,2
cup/half/001407.png,cup,1
cup/full/001408.png,cup,2
cup/full/001409.png,cup,2
cup/half/001410.png,cup,1
cup/half/001411.png,cup,1
cup/half/001412.png,cup,1
cup/half/001413.png,cup,1
cup/half/001414.png,cup,1
cup/full/001415.png,cup,2
cup/empty/001416.png,cup,0
cup/half/001417.png,cup,1
cup/empty/001418.png,cup,0
cup/full/001419.png,cup,2
cup/empty/001420.png,cup,0
cup/full/001421.png,cup,2
cup/half/001422.png,cup,1
cup/half/001423.png,cup,1
cup/half/001424.png,cup,1
cup/full/001425.png,cup,2
cup/half/001426.png,cup,1
cup/full/001427.png,cup,2
cup/full/001428.png,cup,2
cup/empty/001429.png,cup,0
cup/full/001430.png,cup,2
cup/empty/001431.png,cup,0
cup/full/001432.png,cup,2
cup/half/001433.png,cup,1
cup/full/001434.png,cup,2
cup/half/001435.png,cup,1
cup/half/001436.png,cup,1
cup/half/001437.png,cup,1
cup/half/001438.png,cup,1
cup/full/001439.png,cup,2
cup/empty/001440.png,cup,0
cup/full/001441.png,cup,2
cup/half/001442.png,cup,1
cup/half/001443.png,cup,1
cup/full/001444.png,cup,2
cup/empty/001445.png,cup,0
cup/half/001446.png,cup,1
cup/full/001447.png,cup,2
cup/full/001448.png,cup,2
cup/full/001449.png,cup,2
cup/full/001450.png,cup,2
cup/full/001451.png,cup,2
cup/full/001452.png,cup,2
cup/empty/001453.png,cup,0
cup/half/001454.png,cup,1
cup/half/001455.png,cup,1
cup/half/001456.png,cup,1
cup/half/001457.png,cup,1
cup/half/001458.png,cup,1
cup/empty/001459.png,cup,0
cup/full/001460.png,cup,2
cup/empty/001461.png,cup,0
cup/empty/001462.png,cup,0
cup/half/001463.png,cup,1
cup/half/001464.png,cup,1
cup/full/001465.png,cup,2
cup/full/001466.png,cup,2
cup/empty/001467.png,cup,0
cup/half/001468.png,cup,1
cup/full/001469.png,cup,2
cup/half/001470.png,cup,1
cup/half/001471.png,cup,1
cup/full/001472.png,cup,2
cup/half/001473.png,cup,1
cup/full/001474.png,cup,2
cup/half/001475.png,cup,1
cup/half/001476.png,cup,1
cup/half/001477.png,cup,1
cup/half/001478.png,cup,1
cup/full/001479.png,cup,2
cup/half/001480.png,cup,1
cup/half/001481.png,cup,1
cup/half/001482.png,cup,1
cup/half/001483.png,cup,1
cup/half/001484.png,cup,1
cup/full/001485.png,cup,2
cup/full/001486.png,cup,2
cup/half/001487.png,cup,1
cup/empty/001488.png,cup,0
cup/full/001489.png,cup,2
cup/full/001490.png,cup,2
cup/full/001491.png,cup,2
cup/half/001492.png,cup,1
cup/half/001493.png,cup,1
cup/empty/001494.png,cup,0
cup/half/001495.png,cup,1
cup/half/001496.png,cup,1
cup/half/001497.png,cup,1
cup/full/001498.png,cup,2
cup/half/001499.png,cup,1
cup/half/001500.png,cup,1
cup/half/001501.png,cup,1
cup/half/001502.png,cup,1
cup/full/001503.png,cup,2
cup/full/001504.png,cup,2
cup/full/001505.png,cup,2
cup/full/001506.png,cup,2
cup/full/001507.png,cup,2
cup/half/001508.png,cup,1
cup/half/001509.png,cup,1
cup/half/001510.png,cup,1
cup/full/001511.png,cup,2
cup/half/001512.png,cup,1
cup/full/001513.png,cup,2
cup/half/001514.png,cup,1
cup/empty/001515.png,cup,0
cup/half/001516.png,cup,1
cup/half/001517.png,cup,1
cup/full/001518.png,cup,2
cup/full/001519.png,cup,2
cup/full/001520.png,cup,2
cup/empty/001521.png,cup,0
cup/full/001522.png,cup,2
cup/empty/001523.png,cup,0
cup/full/001524.png,cup,2
cup/full/001525.png,cup,2
cup/half/001526.png,cup,1
cup/full/001527.png,cup,2
cup/full/001528.png,cup,2
cup/half/001529.png,cup,1
cup/half/001530.png,cup,1
cup/half/001531.png,cup,1
cup/full/001532.png,cup,2
cup/full/001533.png,cup,2
cup/half/001534.png,cup,1
cup/half/001535.png,cup,1
cup/half/001536.png,cup,1
cup/half/001537.png,cup,1
cup/half/001538.png,cup,1
cup/full/001539.png,cup,2
cup/full/001540.png,cup,2
cup/half/001541.png,cup,1
cup/full/001542.png,cup,2
cup/full/001543.png,cup,2
cup/half/001544.png,cup,1
cup/full/001545.png,cup,2
cup/half/001546.png,cup,1
cup/empty/001547.png,cup,0
cup/full/001548.png,cup,2
cup/half/001549.png,cup,1
cup/full/001550.png,cup,2
cup/empty/001551.png,cup,0
cup/empty/001552.png,cup,0
cup/half/001553.png,cup,1
cup/empty/001554.png,cup,0
cup/empty/001555.png,cup,0
cup/full/001556.png,cup,2
cup/empty/001557.png,cup,0
cup/full/001558.png,cup,2
cup/half/001559.png,cup,1
cup/half/001560.png,cup,1
cup/half/001561.png,cup,1
cup/full/001562.png,cup,2
cup/empty/001563.png,cup,0
cup/full/001564.png,cup,2
cup/full/001565.png,cup,2
cup/half/001566.png,cup,1
cup/half/001567.png,cup,1
cup/full/001568.png,cup,2
cup/half/001569.png,cup,1
cup/half/001570.png,cup,1
cup/half/001571.png,cup,1
cup/full/001572.png,cup,2
cup/full/001573.png,cup,2
cup/full/001574.png,cup,2
cup/full/001575.png,cup,2
cup/half/001576.png,cup,1
cup/empty/001577.png,cup,0
cup/half/001578.png,cup,1
cup/full/001579.png,cup,2
cup/half/001580.png,cup,1
cup/half/001581.png,cup,1
cup/full/001582.png,cup,2
cup/empty/001583.png,cup,0
cup/full/001584.png,cup,2
cup/full/001585.png,cup,2
cup/full/001586.png,cup,2
cup/empty/001587.png,cup,0
cup/half/001588.png,cup,1
cup/full/001589.png,cup,2
cup/half/001590.png,cup,1
cup/half/001591.png,cup,1
cup/full/001592.png,cup,2
cup/half/001593.png,cup,1
cup/full/001594.png,cup,2
cup/full/001595.png,cup,2
cup/empty/001596.png,cup,0
cup/empty/001597.png,cup,0
cup/full/001598.png,cup,2
cup/half/001599.png,cup,1
cup/full/001600.png,cup,2
cup/full/001601.png,cup,2
cup/full/001602.png,cup,2
cup/half/001603.png,cup,1
cup/empty/001604.png,cup,0
cup/empty/001605.png,cup,0
cup/full/001606.png,cup,2
cup/empty/001607.png,cup,0
cup/full/001608.png,cup,2
cup/full/001609.png,cup,2
cup/half/001610.png,cup,1
cup/half/001611.png,cup,1
cup/full/001612.png,cup,2
cup/half/001613.png,cup,1
cup/half/001614.png,cup,1
cup/half/001615.png,cup,1
cup/full/001616.png,cup,2
cup/half/001617.png,cup,1
cup/full/001618.png,cup,2
cup/full/001619.png,cup,2
cup/full/001620.png,cup,2
cup/full/001621.png,cup,2
cup/half/001622.png,cup,1
cup/empty/001623.png,cup,0
cup/half/001624.png,cup,1
cup/full/001625.png,cup,2
cup/half/001626.png,cup,1
cup/half/001627.png,cup,1
cup/empty/001628.png,cup,0
cup/full/001629.png,cup,2
cup/full/001630.png,cup,2
cup/half/001631.png,cup,1
cup/full/001632.png,cup,2
cup/full/001633.png,cup,2
cup/empty/001634.png,cup,0
cup/half/001635.png,cup,1
cup/full/001636.png,cup,2
cup/half/001637.png,cup,1
cup/half/001638.png,cup,1
cup/empty/001639.png,cup,0
cup/full/001640.png,cup,2
cup/half/001641.png,cup,1
cup/half/001642.png,cup,1
cup/full/001643.png,cup,2
cup/full/001644.png,cup,2
cup/empty/001645.png,cup,0
cup/half/001646.png,cup,1
cup/full/001647.png,cup,2
cup/half/001648.png,cup,1
cup/half/001649.png,cup,1
cup/half/001650.png,cup,1
cup/full/001651.png,cup,2
cup/full/001652.png,cup,2
cup/full/001653.png,cup,2
cup/full/001654.png,cup,2
cup/half/001655.png,cup,1
cup/half/001656.png,cup,1
cup/half/001657.png,cup,1
cup/empty/001658.png,cup,0
cup/full/001659.png,cup,2
cup/empty/001660.png,cup,0
cup/full/001661.png,cup,2
cup/full/001662.png,cup,2
cup/full/001663.png,cup,2
cup/half/001664.png,cup,1
cup/full/001665.png,cup,2
cup/full/001666.png,cup,2
cup/full/001667.png,cup,2
cup/full/001668.png,cup,2
cup/half/001669.png,cup,1
cup/half/001670.png,cup,1
cup/full/001671.png,cup,2
cup/full/001672.png,cup,2
cup/half/001673.png,cup,1
cup/half/001674.png,cup,1
cup/full/001675.png,cup,2
cup/full/001676.png,cup,2
cup/half/001677.png,cup,1
cup/empty/001678.png,cup,0
cup/full/001679.png,cup,2
cup/full/001680.png,cup,2
cup/half/001681.png,cup,1
cup/half/001682.png,cup,1
cup/full/001683.png,cup,2
cup/empty/001684.png,cup,0
cup/full/001685.png,cup,2
cup/full/001686.png,cup,2
cup/full/001687.png,cup,2
cup/half/001688.png,cup,1
cup/half/001689.png,cup,1
cup/full/001690.png,cup,2
cup/full/001691.png,cup,2
cup/half/001692.png,cup,1
cup/half/001693.png,cup,1
cup/empty/001694.png,cup,0
cup/half/001695.png,cup,1
cup/half/001696.png,cup,1
cup/half/001697.png,cup,1
cup/half/001698.png,cup,1
cup/full/001699.png,cup,2
cup/half/001700.png,cup,1
cup/full/001701.png,cup,2
cup/full/001702.png,cup,2
cup/half/001703.png,cup,1
cup/full/001704.png,cup,2
cup/full/001705.png,cup,2
cup/full/001706.png,cup,2
cup/full/001707.png,cup,2
cup/full/001708.png,cup,2
cup/full/001709.png,cup,2
cup/full/001710.png,cup,2
cup/half/001711.png,cup,1
cup/half/001712.png,cup,1
cup/empty/001713.png,cup,0
cup/half/001714.png,cup,1
cup/half/001715.png,cup,1
cup/half/001716.png,cup,1
cup/half/001717.png,cup,1
cup/half/001718.png,cup,1
cup/empty/001719.png,cup,0
cup/empty/001720.png,cup,0
cup/empty/001721.png,cup,0
cup/half/001722.png,cup,1
cup/full/001723.png,cup,2
cup/full/001724.png,cup,2
cup/empty/001725.png,cup,0
cup/half/001726.png,cup,1
cup/full/001727.png,cup,2
cup/full/001728.png,cup,2
cup/full/001729.png,cup,2
cup/full/001730.png,cup,2
cup/half/001731.png,cup,1
cup/empty/001732.png,cup,0
cup/half/001733.png,cup,1
cup/half/001734.png,cup,1
cup/half/001735.png,cup,1
cup/half/001736.png,cup,1
cup/half/001737.png,cup,1
cup/half/001738.png,cup,1
cup/half/001739.png,cup,1
cup/empty/001740.png,cup,0
cup/half/001741.png,cup,1
cup/half/001742.png,cup,1
cup/half/001743.png,cup,1
cup/half/001744.png,cup,1
cup/full/001745.png,cup,2
cup/full/001746.png,cup,2
cup/half/001747.png,cup,1
cup/half/001748.png,cup,1
cup/full/001749.png,cup,2
cup/half/001750.png,cup,1
cup/empty/001751.png,cup,0
cup/half/001752.png,cup,1
cup/half/001753.png,cup,1
cup/full/001754.png,cup,2
cup/full/001755.png,cup,2
cup/half/001756.png,cup,1
cup/full/001757.png,cup,2
cup/half/001758.png,cup,1
cup/half/001759.png,cup,1
cup/half/001760.png,cup,1
cup/full/001761.png,cup,2
cup/empty/001762.png,cup,0
cup/full/001763.png,cup,2
cup/half/001764.png,cup,1
cup/half/001765.png,cup,1
cup/full/001766.png,cup,2
cup/full/001767.png,cup,2
cup/half/001768.png,cup,1
cup/full/001769.png,cup,2
cup/full/001770.png,cup,2
cup/empty/001771.png,cup,0
cup/full/001772.png,cup,2
cup/full/001773.png,cup,2
cup/empty/001774.png,cup,0
cup/half/001775.png,cup,1
cup/half/001776.png,cup,1
cup/full/001777.png,cup,2
cup/half/001778.png,cup,1
cup/half/001779.png,cup,1
cup/full/001780.png,cup,2
cup/half/001781.png,cup,1
cup/half/001782.png,cup,1
cup/half/001783.png,cup,1
cup/full/001784.png,cup,2
cup/full/001785.png,cup,2
cup/empty/001786.png,cup,0
cup/half/001787.png,cup,1
cup/empty/001788.png,cup,0
cup/empty/001789.png,cup,0
cup/full/001790.png,cup,2
cup/full/001791.png,cup,2
cup/full/001792.png,cup,2
cup/full/001793.png,cup,2
cup/half/001794.png,cup,1
cup/half/001795.png,cup,1
cup/full/001796.png,cup,2
cup/full/001797.png,cup,2
cup/empty/001798.png,cup,0
cup/half/001799.png,cup,1
cup/empty/001800.png,cup,0
cup/half/001801.png,cup,1
cup/half/001802.png,cup,1
cup/empty/001803.png,cup,0
cup/half/001804.png,cup,1
cup/half/001805.png,cup,1
cup/empty/001806.png,cup,0
cup/half/001807.png,cup,1
cup/half/001808.png,cup,1
cup/full/001809.png,cup,2
cup/empty/001810.png,cup,0
cup/half/001811.png,cup,1
cup/full/001812.png,cup,2
cup/empty/001813.png,cup,0
cup/full/001814.png,cup,2
cup/half/001815.png,cup,1
cup/half/001816.png,cup,1
cup/half/001817.png,cup,1
cup/half/001818.png,cup,1
cup/half/001819.png,cup,1
cup/half/001820.png,cup,1
cup/half/001821.png,cup,1
cup/empty/001822.png,cup,0
cup/half/001823.png,cup,1
cup/empty/001824.png,cup,0
cup/half/001825.png,cup,1
cup/half/001826.png,cup,1
cup/empty/001827.png,cup,0
cup/half/001828.png,cup,1
cup/half/001829.png,cup,1
cup/half/001830.png,cup,1
cup/full/001831.png,cup,2
cup/empty/001832.png,cup,0
cup/full/001833.png,cup,2
cup/half/001834.png,cup,1
cup/empty/001835.png,cup,0
cup/half/001836.png,cup,1
cup/empty/001837.png,cup,0
cup/full/001838.png,cup,2
cup/empty/001839.png,cup,0
cup/full/001840.png,cup,2
cup/half/001841.png,cup,1
cup/full/001842.png,cup,2
cup/full/001843.png,cup,2
cup/half/001844.png,cup,1
cup/full/001845.png,cup,2
cup/half/001846.png,cup,1
cup/half/001847.png,cup,1
cup/full/001848.png,cup,2
cup/half/001849.png,cup,1
cup/half/001850.png,cup,1
cup/half/001851.png,cup,1
cup/full/001852.png,cup,2
cup/half/001853.png,cup,1
cup/half/001854.png,cup,1
cup/full/001855.png,cup,2
cup/half/001856.png,cup,1
cup/half/001857.png,cup,1
cup/half/001858.png,cup,1
cup/full/001859.png,cup,2
cup/full/001860.png,cup,2
cup/half/001861.png,cup,1
cup/half/001862.png,cup,1
cup/full/001863.png,cup,2
cup/half/001864.png,cup,1
cup/half/001865.png,cup,1
cup/half/001866.png,cup,1
cup/half/001867.png,cup,1
cup/full/001868.png,cup,2
cup/empty/001869.png,cup,0
cup/full/001870.png,cup,2
cup/full/001871.png,cup,2
cup/empty/001872.png,cup,0
cup/full/001873.png,cup,2
cup/empty/001874.png,cup,0
cup/full/001875.png,cup,2
cup/full/001876.png,cup,2
cup/full/001877.png,cup,2
cup/empty/001878.png,cup,0
cup/half/001879.png,cup,1
cup/half/001880.png,cup,1
cup/half/001881.png,cup,1
cup/empty/001882.png,cup,0
cup/empty/001883.png,cup,0
cup/half/001884.png,cup,1
cup/empty/001885.png,cup,0
cup/half/001886.png,cup,1
cup/full/001887.png,cup,2
cup/half/001888.png,cup,1
cup/full/001889.png,cup,2
cup/half/001890.png,cup,1
cup/half/001891.png,cup,1
cup/empty/001892.png,cup,0
cup/full/001893.png,cup,2
cup/full/001894.png,cup,2
cup/half/001895.png,cup,1
cup/full/001896.png,cup,2
cup/empty/001897.png,cup,0
cup/half/001898.png,cup,1
cup/half/001899.png,cup,1
cup/half/001900.png,cup,1
cup/empty/001901.png,cup,0
cup/full/001902.png,cup,2
cup/full/001903.png,cup,2
cup/empty/001904.png,cup,0
cup/full/001905.png,cup,2
cup/full/001906.png,cup,2
cup/half/001907.png,cup,1
cup/half/001908.png,cup,1
cup/half/001909.png,cup,1
cup/half/001910.png,cup,1
cup/full/001911.png,cup,2
cup/empty/001912.png,cup,0
cup/half/001913.png,cup,1
cup/half/001914.png,cup,1
cup/full/001915.png,cup,2
cup/full/001916.png,cup,2
cup/full/001917.png,cup,2
cup/half/001918.png,cup,1
cup/empty/001919.png,cup,0
cup/half/001920.png,cup,1
cup/empty/001921.png,cup,0
cup/empty/001922.png,cup,0
cup/half/001923.png,cup,1
cup/half/001924.png,cup,1
cup/half/001925.png,cup,1
cup/half/001926.png,cup,1
cup/full/001927.png,cup,2
cup/full/001928.png,cup,2
cup/half/001929.png,cup,1
cup/half/001930.png,cup,1
cup/empty/001931.png,cup,0
cup/half/001932.png,cup,1
cup/full/001933.png,cup,2
cup/empty/001934.png,cup,0
cup/half/001935.png,cup,1
cup/full/001936.png,cup,2
cup/full/001937.png,cup,2
cup/empty/001938.png,cup,0
cup/half/001939.png,cup,1
cup/full/001940.png,cup,2
cup/full/001941.png,cup,2
cup/half/001942.png,cup,1
cup/half/001943.png,cup,1
cup/full/001944.png,cup,2
cup/full/001945.png,cup,2
cup/empty/001946.png,cup,0
cup/full/001947.png,cup,2
cup/half/001948.png,cup,1
cup/full/001949.png,cup,2
cup/empty/001950.png,cup,0
cup/half/001951.png,cup,1
cup/full/001952.png,cup,2
cup/half/001953.png,cup,1
cup/half/001954.png,cup,1
cup/half/001955.png,cup,1
cup/full/001956.png,cup,2
cup/full/001957.png,cup,2
cup/half/001958.png,cup,1
cup/half/001959.png,cup,1
cup/half/001960.png,cup,1
cup/full/001961.png,cup,2
cup/half/001962.png,cup,1
cup/empty/001963.png,cup,0
cup/empty/001964.png,cup,0
cup/empty/001965.png,cup,0
cup/full/001966.png,cup,2
cup/full/001967.png,cup,2
cup/half/001968.png,cup,1
cup/half/001969.png,cup,1
cup/empty/001970.png,cup,0
cup/full/001971.png,cup,2
cup/half/001972.png,cup,1
cup/full/001973.png,cup,2
cup/full/001974.png,cup,2
cup/half/001975.png,cup,1
cup/half/001976.png,cup,1
cup/half/001977.png,cup,1
cup/full/001978.png,cup,2
cup/half/001979.png,cup,1
cup/half/001980.png,cup,1
cup/half/001981.png,cup,1
cup/half/001982.png,cup,1
cup/full/001983.png,cup,2
cup/empty/001984.png,cup,0
cup/half/001985.png,cup,1
cup/half/001986.png,cup,1
cup/half/001987.png,cup,1
cup/half/001988.png,cup,1
cup/half/001989.png,cup,1
cup/empty/001990.png,cup,0
cup/full/001991.png,cup,2
cup/half/001992.png,cup,1
cup/empty/001993.png,cup,0
cup/half/001994.png,cup,1
cup/empty/001995.png,cup,0
cup/full/001996.png,cup,2
cup/full/001997.png,cup,2
cup/half/001998.png,cup,1
cup/half/001999.png,cup,1
cup/full/002000.png,cup,2
cup/half/002001.png,cup,1
cup/half/002002.png,cup,1
cup/full/002003.png,cup,2
cup/full/002004.png,cup,2
cup/full/002005.png,cup,2
cup/full/002006.png,cup,2
cup/empty/002007.png,cup,0
cup/half/002008.png,cup,1
cup/half/002009.png,cup,1
cup/empty/002010.png,cup,0
cup/full/002011.png,cup,2
cup/full/002012.png,cup,2
cup/half/002013.png,cup,1
cup/full/002014.png,cup,2
cup/half/002015.png,cup,1
cup/full/002016.png,cup,2
cup/half/002017.png,cup,1
cup/half/002018.png,cup,1
cup/full/002019.png,cup,2
cup/empty/002020.png,cup,0
cup/half/002021.png,cup,1
cup/half/002022.png,cup,1
cup/half/002023.png,cup,1
cup/full/002024.png,cup,2
cup/full/002025.png,cup,2
cup/full/002026.png,cup,2
cup/full/002027.png,cup,2
cup/full/002028.png,cup,2
cup/full/002029.png,cup,2
cup/full/002030.png,cup,2
cup/half/002031.png,cup,1
cup/full/002032.png,cup,2
cup/full/002033.png,cup,2
cup/full/002034.png,cup,2
cup/half/002035.png,cup,1
cup/half/002036.png,cup,1
cup/full/002037.png,cup,2
cup/empty/002038.png,cup,0
cup/half/002039.png,cup,1
cup/half/002040.png,cup,1
cup/half/002041.png,cup,1
cup/half/002042.png,cup,1
cup/full/002043.png,cup,2
cup/full/002044.png,cup,2
cup/half/002045.png,cup,1
cup/half/002046.png,cup,1
cup/empty/002047.png,cup,0
cup/full/002048.png,cup,2
cup/full/002049.png,cup,2
cup/full/002050.png,cup,2
cup/half/002051.png,cup,1
cup/half/002052.png,cup,1
cup/half/002053.png,cup,1
cup/full/002054.png,cup,2
cup/full/002055.png,cup,2
cup/empty/002056.png,cup,0
cup/half/002057.png,cup,1
cup/empty/002058.png,cup,0
cup/full/002059.png,cup,2
cup/empty/002060.png,cup,0
cup/full/002061.png,cup,2
cup/half/002062.png,cup,1
cup/half/002063.png,cup,1
cup/half/002064.png,cup,1
cup/empty/002065.png,cup,0
cup/half/002066.png,cup,1
cup/full/002067.png,cup,2
cup/full/002068.png,cup,2
cup/full/002069.png,cup,2
cup/half/002070.png,cup,1
cup/half/002071.png,cup,1
cup/half/002072.png,cup,1
cup/half/002073.png,cup,1
cup/half/002074.png,cup,1
cup/full/002075.png,cup,2
cup/full/002076.png,cup,2
cup/half/002077.png,cup,1
cup/full/002078.png,cup,2
cup/half/002079.png,cup,1
cup/half/002080.png,cup,1
cup/full/002081.png,cup,2
cup/half/002082.png,cup,1
cup/full/002083.png,cup,2
cup/full/002084.png,cup,2
cup/full/002085.png,cup,2
cup/half/002086.png,cup,1
cup/full/002087.png,cup,2
cup/full/002088.png,cup,2
cup/full/002089.png,cup,2
cup/half/002090.png,cup,1
cup/half/002091.png,cup,1
cup/full/002092.png,cup,2
cup/full/002093.png,cup,2
cup/half/002094.png,cup,1
cup/full/002095.png,cup,2
cup/half/002096.png,cup,1
cup/half/002097.png,cup,1
cup/empty/002098.png,cup,0
cup/full/002099.png,cup,2
cup/empty/002100.png,cup,0
cup/full/002101.png,cup,2
cup/half/002102.png,cup,1
cup/half/002103.png,cup,1
cup/half/002104.png,cup,1
cup/full/002105.png,cup,2
cup/empty/002106.png,cup,0
cup/half/002107.png,cup,1
cup/half/002108.png,cup,1
cup/full/002109.png,cup,2
cup/full/002110.png,cup,2
cup/full/002111.png,cup,2
cup/half/002112.png,cup,1
cup/full/002113.png,cup,2
cup/full/002114.png,cup,2
cup/half/002115.png,cup,1
cup/half/002116.png,cup,1
cup/half/002117.png,cup,1
cup/full/002118.png,cup,2
cup/half/002119.png,cup,1
cup/empty/002120.png,cup,0
cup/half/002121.png,cup,1
cup/full/002122.png,cup,2
cup/half/002123.png,cup,1
cup/half/002124.png,cup,1
cup/full/002125.png,cup,2
cup/full/002126.png,cup,2
cup/full/002127.png,cup,2
cup/full/002128.png,cup,2
cup/half/002129.png,cup,1
cup/half/002130.png,cup,1
cup/full/002131.png,cup,2
cup/full/002132.png,cup,2
cup/half/002133.png,cup,1
cup/half/002134.png,cup,1
cup/half/002135.png,cup,1
cup/half/002136.png,cup,1
cup/empty/002137.png,cup,0
cup/full/002138.png,cup,2
cup/full/002139.png,cup,2
cup/half/002140.png,cup,1
cup/half/002141.png,cup,1
cup/empty/002142.png,cup,0
cup/full/002143.png,cup,2
cup/half/002144.png,cup,1
cup/half/002145.png,cup,1
cup/full/002146.png,cup,2
cup/half/002147.png,cup,1
cup/full/002148.png,cup,2
cup/full/002149.png,cup,2
cup/half/002150.png,cup,1
cup/full/002151.png,cup,2
cup/full/002152.png,cup,2
cup/empty/002153.png,cup,0
cup/full/002154.png,cup,2
cup/half/002155.png,cup,1
cup/full/002156.png,cup,2
cup/empty/002157.png,cup,0
cup/half/002158.png,cup,1
cup/half/002159.png,cup,1
cup/full/002160.png,cup,2
cup/full/002161.png,cup,2
cup/half/002162.png,cup,1
cup/half/002163.png,cup,1
cup/half/002164.png,cup,1
cup/empty/002165.png,cup,0
cup/full/002166.png,cup,2
cup/full/002167.png,cup,2
cup/half/002168.png,cup,1
cup/half/002169.png,cup,1
cup/half/002170.png,cup,1
cup/full/002171.png,cup,2
cup/full/002172.png,cup,2
cup/half/002173.png,cup,1
cup/empty/002174.png,cup,0
cup/full/002175.png,cup,2
cup/empty/002176.png,cup,0
cup/half/002177.png,cup,1
cup/full/002178.png,cup,2
cup/full/002179.png,cup,2
cup/half/002180.png,cup,1
cup/empty/002181.png,cup,0
cup/empty/002182.png,cup,0
cup/full/002183.png,cup,2
cup/half/002184.png,cup,1
cup/empty/002185.png,cup,0
cup/full/002186.png,cup,2
cup/empty/002187.png,cup,0
cup/full/002188.png,cup,2
cup/full/002189.png,cup,2
cup/empty/002190.png,cup,0
cup/half/002191.png,cup,1
cup/full/002192.png,cup,2
cup/half/002193.png,cup,1
cup/full/002194.png,cup,2
cup/half/002195.png,cup,1
cup/full/002196.png,cup,2
cup/empty/002197.png,cup,0
cup/empty/002198.png,cup,0
cup/half/002199.png,cup,1
cup/empty/002200.png,cup,0
cup/full/002201.png,cup,2
cup/full/002202.png,cup,2
cup/empty/002203.png,cup,0
cup/half/002204.png,cup,1
cup/half/002205.png,cup,1
cup/half/002206.png,cup,1
cup/full/002207.png,cup,2
cup/full/002208.png,cup,2
cup/full/002209.png,cup,2
cup/full/002210.png,cup,2
cup/half/002211.png,cup,1
cup/empty/002212.png,cup,0
cup/empty/002213.png,cup,0
cup/full/002214.png,cup,2
cup/full/002215.png,cup,2
cup/full/002216.png,cup,2
cup/half/002217.png,cup,1
cup/half/002218.png,cup,1
cup/full/002219.png,cup,2
cup/full/002220.png,cup,2
cup/half/002221.png,cup,1
cup/half/002222.png,cup,1
cup/half/002223.png,cup,1
cup/half/002224.png,cup,1
cup/full/002225.png,cup,2
cup/full/002226.png,cup,2
cup/half/002227.png,cup,1
cup/full/002228.png,cup,2
cup/empty/002229.png,cup,0
cup/full/002230.png,cup,2
cup/half/002231.png,cup,1
cup/full/002232.png,cup,2
cup/full/002233.png,cup,2
cup/full/002234.png,cup,2
cup/half/002235.png,cup,1
cup/full/002236.png,cup,2
cup/full/002237.png,cup,2
cup/half/002238.png,cup,1
cup/full/002239.png,cup,2
cup/half/002240.png,cup,1
cup/empty/002241.png,cup,0
cup/empty/002242.png,cup,0
cup/full/002243.png,cup,2
cup/full/002244.png,cup,2
cup/full/002245.png,cup,2
cup/half/002246.png,cup,1
cup/empty/002247.png,cup,0
cup/half/002248.png,cup,1
cup/half/002249.png,cup,1
cup/half/002250.png,cup,1
cup/full/002251.png,cup,2
cup/full/002252.png,cup,2
cup/full/002253.png,cup,2
cup/empty/002254.png,cup,0
cup/half/002255.png,cup,1
cup/half/002256.png,cup,1
cup/half/002257.png,cup,1
cup/full/002258.png,cup,2
cup/half/002259.png,cup,1
cup/full/002260.png,cup,2
cup/half/002261.png,cup,1
cup/half/002262.png,cup,1
cup/half/002263.png,cup,1
cup/full/002264.png,cup,2
cup/half/002265.png,cup,1
cup/half/002266.png,cup,1
cup/half/002267.png,cup,1
cup/empty/002268.png,cup,0
cup/half/002269.png,cup,1
cup/half/002270.png,cup,1
cup/half/002271.png,cup,1
cup/empty/002272.png,cup,0
cup/full/002273.png,cup,2
cup/full/002274.png,cup,2
cup/empty/002275.png,cup,0
cup/full/002276.png,cup,2
cup/empty/002277.png,cup,0
cup/full/002278.png,cup,2
cup/half/002279.png,cup,1
cup/full/002280.png,cup,2
cup/full/002281.png,cup,2
cup/half/002282.png,cup,1
cup/full/002283.png,cup,2
cup/full/002284.png,cup,2
cup/half/002285.png,cup,1
cup/half/002286.png,cup,1
cup/full/002287.png,cup,2
cup/half/002288.png,cup,1
cup/full/002289.png,cup,2
cup/half/002290.png,cup,1
cup/empty/002291.png,cup,0
cup/full/002292.png,cup,2
cup/full/002293.png,cup,2
cup/full/002294.png,cup,2
cup/half/002295.png,cup,1
cup/half/002296.png,cup,1
cup/half/002297.png,cup,1
cup/empty/002298.png,cup,0
cup/half/002299.png,cup,1
cup/empty/002300.png,cup,0
cup/half/002301.png,cup,1
cup/empty/002302.png,cup,0
cup/half/002303.png,cup,1
cup/half/002304.png,cup,1
cup/empty/002305.png,cup,0
cup/full/002306.png,cup,2
cup/full/002307.png,cup,2
cup/half/002308.png,cup,1
cup/full/002309.png,cup,2
cup/full/002310.png,cup,2
cup/full/002311.png,cup,2
cup/half/002312.png,cup,1
cup/half/002313.png,cup,1
cup/full/002314.png,cup,2
cup/half/002315.png,cup,1
cup/empty/002316.png,cup,0
cup/full/002317.png,cup,2
cup/full/002318.png,cup,2
cup/full/002319.png,cup,2
cup/full/002320.png,cup,2
cup/full/002321.png,cup,2
cup/half/002322.png,cup,1
cup/full/002323.png,cup,2
cup/full/002324.png,cup,2
cup/half/002325.png,cup,1
cup/full/002326.png,cup,2
cup/empty/002327.png,cup,0
cup/full/002328.png,cup,2
cup/half/002329.png,cup,1
cup/half/002330.png,cup,1
cup/half/002331.png,cup,1
cup/full/002332.png,cup,2
cup/half/002333.png,cup,1
cup/half/002334.png,cup,1
cup/full/002335.png,cup,2
cup/full/002336.png,cup,2
cup/half/002337.png,cup,1
cup/half/002338.png,cup,1
cup/full/002339.png,cup,2
cup/half/002340.png,cup,1
cup/full/002341.png,cup,2
cup/half/002342.png,cup,1
cup/empty/002343.png,cup,0
cup/empty/002344.png,cup,0
cup/half/002345.png,cup,1
cup/half/002346.png,cup,1
cup/half/002347.png,cup,1
cup/half/002348.png,cup,1
cup/full/002349.png,cup,2
cup/half/002350.png,cup,1
cup/empty/002351.png,cup,0
cup/full/002352.png,cup,2
cup/half/002353.png,cup,1
cup/half/002354.png,cup,1
cup/half/002355.png,cup,1
cup/half/002356.png,cup,1
cup/half/002357.png,cup,1
cup/full/002358.png,cup,2
cup/full/002359.png,cup,2
cup/half/002360.png,cup,1
cup/full/002361.png,cup,2
cup/empty/002362.png,cup,0
cup/half/002363.png,cup,1
cup/empty/002364.png,cup,0
cup/half/002365.png,cup,1
cup/full/002366.png,cup,2
cup/full/002367.png,cup,2
cup/empty/002368.png,cup,0
cup/empty/002369.png,cup,0
cup/half/002370.png,cup,1
cup/full/002371.png,cup,2
cup/empty/002372.png,cup,0
cup/half/002373.png,cup,1
cup/half/002374.png,cup,1
cup/half/002375.png,cup,1
cup/full/002376.png,cup,2
cup/full/002377.png,cup,2
cup/full/002378.png,cup,2
cup/full/002379.png,cup,2
cup/half/002380.png,cup,1
cup/full/002381.png,cup,2
cup/full/002382.png,cup,2
cup/half/002383.png,cup,1
cup/half/002384.png,cup,1
cup/full/002385.png,cup,2
cup/full/002386.png,cup,2
cup/full/002387.png,cup,2
cup/full/002388.png,cup,2
cup/half/002389.png,cup,1
cup/half/002390.png,cup,1
cup/full/002391.png,cup,2
cup/empty/002392.png,cup,0
cup/half/002393.png,cup,1
cup/full/002394.png,cup,2
cup/empty/002395.png,cup,0
cup/half/002396.png,cup,1
cup/half/002397.png,cup,1
cup/full/002398.png,cup,2
cup/half/002399.png,cup,1
cup/full/002400.png,cup,2
cup/half/002401.png,cup,1
cup/half/002402.png,cup,1
cup/half/002403.png,cup,1
cup/full/002404.png,cup,2
cup/half/002405.png,cup,1
cup/half/002406.png,cup,1
cup/full/002407.png,cup,2
cup/half/002408.png,cup,1
cup/full/002409.png,cup,2
cup/full/002410.png,cup,2
cup/full/002411.png,cup,2
cup/half/002412.png,cup,1
cup/empty/002413.png,cup,0
cup/half/002414.png,cup,1
cup/full/002415.png,cup,2
cup/half/002416.png,cup,1
cup/full/002417.png,cup,2
cup/empty/002418.png,cup,0
cup/half/002419.png,cup,1
cup/full/002420.png,cup,2
cup/empty/002421.png,cup,0
cup/empty/002422.png,cup,0
cup/empty/002423.png,cup,0
cup/half/002424.png,cup,1
cup/full/002425.png,cup,2
cup/half/002426.png,cup,1
cup/full/002427.png,cup,2
cup/full/002428.png,cup,2
cup/full/002429.png,cup,2
cup/half/002430.png,cup,1
cup/half/002431.png,cup,1
cup/half/002432.png,cup,1
cup/half/002433.png,cup,1
cup/half/002434.png,cup,1
cup/full/002435.png,cup,2
cup/half/002436.png,cup,1
cup/empty/002437.png,cup,0
cup/full/002438.png,cup,2
cup/half/002439.png,cup,1
cup/full/002440.png,cup,2
cup/full/002441.png,cup,2
cup/full/002442.png,cup,2
cup/empty/002443.png,cup,0
cup/full/002444.png,cup,2
cup/half/002445.png,cup,1
cup/half/002446.png,cup,1
cup/empty/002447.png,cup,0
cup/empty/002448.png,cup,0
cup/full/002449.png,cup,2
cup/half/002450.png,cup,1
cup/half/002451.png,cup,1
cup/half/002452.png,cup,1
cup/full/002453.png,cup,2
cup/full/002454.png,cup,2
cup/empty/002455.png,cup,0
cup/full/002456.png,cup,2
cup/full/002457.png,cup,2
cup/full/002458.png,cup,2
cup/half/002459.png,cup,1
cup/half/002460.png,cup,1
cup/full/002461.png,cup,2
cup/full/002462.png,cup,2
cup/half/002463.png,cup,1
cup/full/002464.png,cup,2
cup/half/002465.png,cup,1
cup/full/002466.png,cup,2
cup/half/002467.png,cup,1
cup/empty/002468.png,cup,0
cup/full/002469.png,cup,2
cup/full/002470.png,cup,2
cup/full/002471.png,cup,2
cup/half/002472.png,cup,1
cup/full/002473.png,cup,2
cup/half/002474.png,cup,1
cup/half/002475.png,cup,1
cup/empty/002476.png,cup,0
cup/half/002477.png,cup,1
cup/half/002478.png,cup,1
cup/full/002479.png,cup,2
cup/half/002480.png,cup,1
cup/full/002481.png,cup,2
cup/full/002482.png,cup,2
cup/full/002483.png,cup,2
cup/empty/002484.png,cup,0
cup/empty/002485.png,cup,0
cup/half/002486.png,cup,1
cup/full/002487.png,cup,2
cup/empty/002488.png,cup,0
cup/half/002489.png,cup,1
cup/empty/002490.png,cup,0
cup/full/002491.png,cup,2
cup/half/002492.png,cup,1
cup/full/002493.png,cup,2
cup/full/002494.png,cup,2
cup/half/002495.png,cup,1
cup/half/002496.png,cup,1
cup/empty/002497.png,cup,0
cup/half/002498.png,cup,1
cup/full/002499.png,cup,2
cup/full/002500.png,cup,2
cup/half/002501.png,cup,1
cup/empty/002502.png,cup,0
cup/empty/002503.png,cup,0
cup/empty/002504.png,cup,0
cup/half/002505.png,cup,1
cup/full/002506.png,cup,2
cup/full/002507.png,cup,2
cup/empty/002508.png,cup,0
cup/full/002509.png,cup,2
cup/half/002510.png,cup,1
cup/full/002511.png,cup,2
cup/full/002512.png,cup,2
cup/full/002513.png,cup,2
cup/full/002514.png,cup,2
cup/half/002515.png,cup,1
cup/half/002516.png,cup,1
cup/half/002517.png,cup,1
cup/empty/002518.png,cup,0
cup/full/002519.png,cup,2
cup/empty/002520.png,cup,0
cup/half/002521.png,cup,1
cup/full/002522.png,cup,2
cup/full/002523.png,cup,2
cup/full/002524.png,cup,2
cup/full/002525.png,cup,2
cup/full/002526.png,cup,2
cup/full/002527.png,cup,2
cup/full/002528.png,cup,2
cup/half/002529.png,cup,1
cup/full/002530.png,cup,2
cup/half/002531.png,cup,1
cup/empty/002532.png,cup,0
cup/full/002533.png,cup,2
cup/full/002534.png,cup,2
cup/full/002535.png,cup,2
cup/full/002536.png,cup,2
cup/half/002537.png,cup,1
cup/half/002538.png,cup,1
cup/half/002539.png,cup,1
cup/full/002540.png,cup,2
cup/empty/002541.png,cup,0
cup/full/002542.png,cup,2
cup/empty/002543.png,cup,0
cup/full/002544.png,cup,2
cup/half/002545.png,cup,1
cup/full/002546.png,cup,2
cup/full/002547.png,cup,2
cup/full/002548.png,cup,2
cup/half/002549.png,cup,1
cup/half/002550.png,cup,1
cup/half/002551.png,cup,1
cup/empty/002552.png,cup,0
cup/full/002553.png,cup,2
cup/full/002554.png,cup,2
cup/half/002555.png,cup,1
cup/full/002556.png,cup,2
cup/half/002557.png,cup,1
cup/empty/002558.png,cup,0
cup/half/002559.png,cup,1
cup/half/002560.png,cup,1
cup/half/002561.png,cup,1
cup/half/002562.png,cup,1
cup/empty/002563.png,cup,0
cup/half/002564.png,cup,1
cup/half/002565.png,cup,1
cup/full/002566.png,cup,2
cup/half/002567.png,cup,1
cup/half/002568.png,cup,1
cup/half/002569.png,cup,1
cup/full/002570.png,cup,2
cup/empty/002571.png,cup,0
cup/half/002572.png,cup,1
cup/full/002573.png,cup,2
cup/full/002574.png,cup,2
cup/half/002575.png,cup,1
cup/half/002576.png,cup,1
cup/empty/002577.png,cup,0
cup/half/002578.png,cup,1
cup/full/002579.png,cup,2
cup/full/002580.png,cup,2
cup/half/002581.png,cup,1
cup/half/002582.png,cup,1
cup/half/002583.png,cup,1
cup/full/002584.png,cup,2
cup/half/002585.png,cup,1
cup/full/002586.png,cup,2
cup/full/002587.png,cup,2
cup/half/002588.png,cup,1
cup/half/002589.png,cup,1
cup/full/002590.png,cup,2
cup/half/002591.png,cup,1
cup/full/002592.png,cup,2
cup/full/002593.png,cup,2
cup/half/002594.png,cup,1
cup/full/002595.png,cup,2
cup/full/002596.png,cup,2
cup/full/002597.png,cup,2
cup/half/002598.png,cup,1
cup/full/002599.png,cup,2
cup/half/002600.png,cup,1
cup/full/002601.png,cup,2
cup/full/002602.png,cup,2
cup/half/002603.png,cup,1
cup/half/002604.png,cup,1
cup/half/002605.png,cup,1
cup/half/002606.png,cup,1
cup/full/002607.png,cup,2
cup/full/002608.png,cup,2
cup/half/002609.png,cup,1
cup/half/002610.png,cup,1
cup/half/002611.png,cup,1
cup/half/002612.png,cup,1
cup/empty/002613.png,cup,0
cup/half/002614.png,cup,1
cup/half/002615.png,cup,1
cup/half/002616.png,cup,1
cup/half/002617.png,cup,1
cup/empty/002618.png,cup,0
cup/half/002619.png,cup,1
cup/half/002620.png,cup,1
cup/half/002621.png,cup,1
cup/full/002622.png,cup,2
cup/half/002623.png,cup,1
cup/empty/002624.png,cup,0
cup/empty/002625.png,cup,0
cup/half/002626.png,cup,1
cup/full/002627.png,cup,2
cup/full/002628.png,cup,2
cup/full/002629.png,cup,2
cup/full/002630.png,cup,2
cup/half/002631.png,cup,1
cup/full/002632.png,cup,2
cup/full/002633.png,cup,2
cup/empty/002634.png,cup,0
cup/half/002635.png,cup,1
cup/empty/002636.png,cup,0
cup/full/002637.png,cup,2
cup/full/002638.png,cup,2
cup/full/002639.png,cup,2
cup/full/002640.png,cup,2
cup/full/002641.png,cup,2
cup/full/002642.png,cup,2
cup/full/002643.png,cup,2
cup/half/002644.png,cup,1
cup/full/002645.png,cup,2
cup/empty/002646.png,cup,0
cup/full/002647.png,cup,2
cup/half/002648.png,cup,1
cup/half/002649.png,cup,1
cup/full/002650.png,cup,2
cup/half/002651.png,cup,1
cup/empty/002652.png,cup,0
cup/half/002653.png,cup,1
cup/half/002654.png,cup,1
cup/full/002655.png,cup,2
cup/full/002656.png,cup,2
cup/full/002657.png,cup,2
cup/full/002658.png,cup,2
cup/empty/002659.png,cup,0
cup/half/002660.png,cup,1
cup/full/002661.png,cup,2
cup/half/002662.png,cup,1
cup/half/002663.png,cup,1
cup/half/002664.png,cup,1
cup/half/002665.png,cup,1
cup/full/002666.png,cup,2
cup/half/002667.png,cup,1
cup/half/002668.png,cup,1
cup/full/002669.png,cup,2
cup/half/002670.png,cup,1
cup/full/002671.png,cup,2
cup/empty/002672.png,cup,0
cup/empty/002673.png,cup,0
cup/half/002674.png,cup,1
cup/empty/002675.png,cup,0
cup/full/002676.png,cup,2
cup/half/002677.png,cup,1
cup/half/002678.png,cup,1
cup/half/002679.png,cup,1
cup/full/002680.png,cup,2
cup/full/002681.png,cup,2
cup/empty/002682.png,cup,0
cup/full/002683.png,cup,2
cup/full/002684.png,cup,2
cup/half/002685.png,cup,1
cup/half/002686.png,cup,1
cup/half/002687.png,cup,1
cup/half/002688.png,cup,1
cup/full/002689.png,cup,2
cup/full/002690.png,cup,2
cup/full/002691.png,cup,2
cup/full/002692.png,cup,2
cup/empty/002693.png,cup,0
cup/half/002694.png,cup,1
cup/full/002695.png,cup,2
cup/half/002696.png,cup,1
cup/half/002697.png,cup,1
cup/empty/002698.png,cup,0
cup/full/002699.png,cup,2
cup/empty/002700.png,cup,0
cup/half/002701.png,cup,1
cup/full/002702.png,cup,2
cup/full/002703.png,cup,2
cup/full/002704.png,cup,2
cup/full/002705.png,cup,2
cup/full/002706.png,cup,2
cup/full/002707.png,cup,2
cup/empty/002708.png,cup,0
cup/half/002709.png,cup,1
cup/empty/002710.png,cup,0
cup/full/002711.png,cup,2
cup/empty/002712.png,cup,0
cup/empty/002713.png,cup,0
cup/empty/002714.png,cup,0
cup/half/002715.png,cup,1
cup/full/002716.png,cup,2
cup/full/002717.png,cup,2
cup/empty/002718.png,cup,0
cup/full/002719.png,cup,2
cup/empty/002720.png,cup,0
cup/half/002721.png,cup,1
cup/empty/002722.png,cup,0
cup/empty/002723.png,cup,0
cup/full/002724.png,cup,2
cup/full/002725.png,cup,2
cup/empty/002726.png,cup,0
cup/half/002727.png,cup,1
cup/half/002728.png,cup,1
cup/full/002729.png,cup,2
cup/empty/002730.png,cup,0
cup/empty/002731.png,cup,0
cup/full/002732.png,cup,2
cup/full/002733.png,cup,2
cup/full/002734.png,cup,2
cup/full/002735.png,cup,2
cup/full/002736.png,cup,2
cup/half/002737.png,cup,1
cup/full/002738.png,cup,2
cup/half/002739.png,cup,1
cup/full/002740.png,cup,2
cup/half/002741.png,cup,1
cup/half/002742.png,cup,1
cup/full/002743.png,cup,2
cup/full/002744.png,cup,2
cup/half/002745.png,cup,1
cup/full/002746.png,cup,2
cup/half/002747.png,cup,1
cup/full/002748.png,cup,2
cup/half/002749.png,cup,1
cup/empty/002750.png,cup,0
cup/full/002751.png,cup,2
cup/empty/002752.png,cup,0
cup/half/002753.png,cup,1
cup/half/002754.png,cup,1
cup/half/002755.png,cup,1
cup/half/002756.png,cup,1
cup/full/002757.png,cup,2
cup/half/002758.png,cup,1
cup/half/002759.png,cup,1
cup/half/002760.png,cup,1
cup/full/002761.png,cup,2
cup/half/002762.png,cup,1
cup/empty/002763.png,cup,0
cup/half/002764.png,cup,1
cup/half/002765.png,cup,1
cup/full/002766.png,cup,2
cup/full/002767.png,cup,2
cup/empty/002768.png,cup,0
cup/full/002769.png,cup,2
cup/full/002770.png,cup,2
cup/empty/002771.png,cup,0
cup/full/002772.png,cup,2
cup/full/002773.png,cup,2
cup/half/002774.png,cup,1
cup/full/002775.png,cup,2
cup/half/002776.png,cup,1
cup/full/002777.png,cup,2
cup/full/002778.png,cup,2
cup/full/002779.png,cup,2
cup/full/002780.png,cup,2
cup/full/002781.png,cup,2
cup/full/002782.png,cup,2
cup/half/002783.png,cup,1
cup/full/002784.png,cup,2
cup/full/002785.png,cup,2
cup/empty/002786.png,cup,0
cup/full/002787.png,cup,2
cup/empty/002788.png,cup,0
cup/full/002789.png,cup,2
cup/empty/002790.png,cup,0
cup/half/002791.png,cup,1
cup/full/002792.png,cup,2
cup/half/002793.png,cup,1
cup/full/002794.png,cup,2
cup/half/002795.png,cup,1
cup/full/002796.png,cup,2
cup/half/002797.png,cup,1
cup/full/002798.png,cup,2
cup/full/002799.png,cup,2
cup/empty/002800.png,cup,0
cup/full/002801.png,cup,2
cup/full/002802.png,cup,2
cup/empty/002803.png,cup,0
cup/half/002804.png,cup,1
cup/half/002805.png,cup,1
cup/half/002806.png,cup,1
cup/empty/002807.png,cup,0
cup/half/002808.png,cup,1
cup/full/002809.png,cup,2
cup/full/002810.png,cup,2
cup/full/002811.png,cup,2
cup/half/002812.png,cup,1
cup/half/002813.png,cup,1
cup/half/002814.png,cup,1
cup/half/002815.png,cup,1
cup/full/002816.png,cup,2
cup/full/002817.png,cup,2
cup/half/002818.png,cup,1
cup/half/002819.png,cup,1
cup/empty/002820.png,cup,0
cup/empty/002821.png,cup,0
cup/empty/002822.png,cup,0
cup/full/002823.png,cup,2
cup/full/002824.png,cup,2
cup/full/002825.png,cup,2
cup/full/002826.png,cup,2
cup/full/002827.png,cup,2
cup/half/002828.png,cup,1
cup/half/002829.png,cup,1
cup/empty/002830.png,cup,0
cup/full/002831.png,cup,2
cup/half/002832.png,cup,1
cup/half/002833.png,cup,1
cup/full/002834.png,cup,2
cup/full/002835.png,cup,2
cup/empty/002836.png,cup,0
cup/full/002837.png,cup,2
cup/full/002838.png,cup,2
cup/full/002839.png,cup,2
cup/full/002840.png,cup,2
cup/half/002841.png,cup,1
cup/full/002842.png,cup,2
cup/full/002843.png,cup,2
cup/full/002844.png,cup,2
cup/half/002845.png,cup,1
cup/half/002846.png,cup,1
cup/full/002847.png,cup,2
cup/half/002848.png,cup,1
cup/half/002849.png,cup,1
cup/full/002850.png,cup,2
cup/half/002851.png,cup,1
cup/full/002852.png,cup,2
cup/half/002853.png,cup,1
cup/half/002854.png,cup,1
cup/half/002855.png,cup,1
cup/full/002856.png,cup,2
cup/full/002857.png,cup,2
cup/empty/002858.png,cup,0
cup/half/002859.png,cup,1
cup/half/002860.png,cup,1
cup/full/002861.png,cup,2
cup/full/002862.png,cup,2
cup/half/002863.png,cup,1
cup/full/002864.png,cup,2
cup/half/002865.png,cup,1
cup/full/002866.png,cup,2
cup/empty/002867.png,cup,0
cup/full/002868.png,cup,2
cup/full/002869.png,cup,2
cup/full/002870.png,cup,2
cup/empty/002871.png,cup,0
cup/full/002872.png,cup,2
cup/full/002873.png,cup,2
cup/half/002874.png,cup,1
cup/half/002875.png,cup,1
cup/half/002876.png,cup,1
cup/half/002877.png,cup,1
cup/half/002878.png,cup,1
cup/half/002879.png,cup,1
cup/empty/002880.png,cup,0
cup/half/002881.png,cup,1
cup/full/002882.png,cup,2
cup/full/002883.png,cup,2
cup/half/002884.png,cup,1
cup/full/002885.png,cup,2
cup/half/002886.png,cup,1
cup/empty/002887.png,cup,0
cup/half/002888.png,cup,1
cup/full/002889.png,cup,2
cup/half/002890.png,cup,1
cup/empty/002891.png,cup,0
cup/full/002892.png,cup,2
cup/full/002893.png,cup,2
cup/half/002894.png,cup,1
cup/half/002895.png,cup,1
cup/full/002896.png,cup,2
cup/half/002897.png,cup,1
cup/full/002898.png,cup,2
cup/full/002899.png,cup,2
cup/full/002900.png,cup,2
cup/half/002901.png,cup,1
cup/half/002902.png,cup,1
cup/empty/002903.png,cup,0
cup/full/002904.png,cup,2
cup/half/002905.png,cup,1
cup/empty/002906.png,cup,0
cup/half/002907.png,cup,1
cup/full/002908.png,cup,2
cup/half/002909.png,cup,1
cup/full/002910.png,cup,2
cup/empty/002911.png,cup,0
cup/full/002912.png,cup,2
cup/full/002913.png,cup,2
cup/full/002914.png,cup,2
cup/half/002915.png,cup,1
cup/half/002916.png,cup,1
cup/half/002917.png,cup,1
cup/full/002918.png,cup,2
cup/half/002919.png,cup,1
cup/half/002920.png,cup,1
cup/half/002921.png,cup,1
cup/full/002922.png,cup,2
cup/full/002923.png,cup,2
cup/half/002924.png,cup,1
cup/full/002925.png,cup,2
cup/full/002926.png,cup,2
cup/half/002927.png,cup,1
cup/empty/002928.png,cup,0
cup/half/002929.png,cup,1
cup/full/002930.png,cup,2
cup/full/002931.png,cup,2
cup/empty/002932.png,cup,0
cup/half/002933.png,cup,1
cup/half/002934.png,cup,1
cup/half/002935.png,cup,1
cup/half/002936.png,cup,1
cup/half/002937.png,cup,1
cup/half/002938.png,cup,1
cup/half/002939.png,cup,1
cup/full/002940.png,cup,2
cup/half/002941.png,cup,1
cup/full/002942.png,cup,2
cup/half/002943.png,cup,1
cup/half/002944.png,cup,1
cup/half/002945.png,cup,1
cup/empty/002946.png,cup,0
cup/empty/002947.png,cup,0
cup/half/002948.png,cup,1
cup/full/002949.png,cup,2
cup/half/002950.png,cup,1
cup/full/002951.png,cup,2
cup/half/002952.png,cup,1
cup/half/002953.png,cup,1
cup/full/002954.png,cup,2
cup/half/002955.png,cup,1
cup/full/002956.png,cup,2
cup/half/002957.png,cup,1
cup/half/002958.png,cup,1
cup/half/002959.png,cup,1
cup/half/002960.png,cup,1
cup/half/002961.png,cup,1
cup/full/002962.png,cup,2
cup/full/002963.png,cup,2
cup/half/002964.png,cup,1
cup/empty/002965.png,cup,0
cup/empty/002966.png,cup,0
cup/half/002967.png,cup,1
cup/full/002968.png,cup,2
cup/full/002969.png,cup,2
cup/full/002970.png,cup,2
cup/full/002971.png,cup,2
cup/full/002972.png,cup,2
cup/half/002973.png,cup,1
cup/full/002974.png,cup,2
cup/half/002975.png,cup,1
cup/full/002976.png,cup,2
cup/half/002977.png,cup,1
cup/half/002978.png,cup,1
cup/full/002979.png,cup,2
cup/half/002980.png,cup,1
cup/empty/002981.png,cup,0
cup/empty/002982.png,cup,0
cup/full/002983.png,cup,2
cup/full/002984.png,cup,2
cup/half/002985.png,cup,1
cup/full/002986.png,cup,2
cup/full/002987.png,cup,2
cup/half/002988.png,cup,1
cup/full/002989.png,cup,2
cup/half/002990.png,cup,1
cup/half/002991.png,cup,1
cup/empty/002992.png,cup,0
cup/full/002993.png,cup,2
cup/full/002994.png,cup,2
cup/half/002995.png,cup,1
cup/full/002996.png,cup,2
cup/half/002997.png,cup,1
cup/full/002998.png,cup,2
cup/full/002999.png,cup,2
cup/sideways/003000.jpg,cup,3
cup/sideways/003001.jpg,cup,3
cup/sideways/003002.jpg,cup,3
cup/sideways/003003.jpg,cup,3
cup/sideways/003004.jpg,cup,3
cup/sideways/003005.jpg,cup,3
cup/sideways/003006.jpg,cup,3
cup/sideways/003007.jpg,cup,3
cup/sideways/003008.jpg,cup,3
cup/sideways/003009.jpg,cup,3
cup/sideways/003010.jpg,cup,3
cup/sideways/003011.jpg,cup,3
cup/sideways/003012.jpg,cup,3
cup/sideways/003013.jpg,cup,3
cup/sideways/003014.jpg,cup,3
cup/sideways/003015.jpg,cup,3
cup/sideways/003016.jpg,cup,3
cup/sideways/003017.jpg,cup,3
cup/sideways/003018.jpg,cup,3
cup/sideways/003019.jpg,cup,3
cup/inverted/003020.jpg,cup,4
cup/inverted/003021.jpg,cup,4
cup/inverted/003022.jpg,cup,4
cup/inverted/003023.jpg,cup,4
cup/inverted/003024.jpg,cup,4
cup/inverted/003025.jpg,cup,4
cup/inverted/003026.jpg,cup,4
cup/inverted/003027.jpg,cup,4
cup/inverted/003028.jpg,cup,4
cup/inverted/003029.jpg,cup,4
cup/inverted/003030.jpg,cup,4
cup/inverted/003031.jpg,cup,4
cup/inverted/003032.jpg,cup,4
cup/inverted/003033.jpg,cup,4
cup/inverted/003034.jpg,cup,4
cup/inverted/003035.jpg,cup,4
cup/inverted/003036.jpg,cup,4
cup/inverted/003037.jpg,cup,4
cup/inverted/003038.jpg,cup,4
cup/inverted/003039.jpg,cup,4
cup/sideways/003040.jpg,cup,3
cup/sideways/003041.jpg,cup,3
cup/sideways/003042.jpg,cup,3
cup/sideways/003043.jpg,cup,3
cup/sideways/003044.jpg,cup,3
cup/sideways/003045.jpg,cup,3
cup/sideways/003046.jpg,cup,3
cup/sideways/003047.jpg,cup,3
cup/sideways/003048.jpg,cup,3
cup/sideways/003049.jpg,cup,3
cup/sideways/003050.jpg,cup,3
cup/sideways/003051.jpg,cup,3
cup/sideways/003052.jpg,cup,3
cup/sideways/003053.jpg,cup,3
cup/sideways/003054.jpg,cup,3
cup/sideways/003055.jpg,cup,3
cup/sideways/003056.jpg,cup,3
cup/sideways/003057.jpg,cup,3
cup/sideways/003058.jpg,cup,3
cup/sideways/003059.jpg,cup,3
cup/sideways/003060.jpg,cup,3
cup/sideways/003061.jpg,cup,3
cup/sideways/003062.jpg,cup,3
cup/sideways/003063.jpg,cup,3
cup/sideways/003064.jpg,cup,3
cup/sideways/003065.jpg,cup,3
cup/sideways/003066.jpg,cup,3
cup/sideways/003067.jpg,cup,3
cup/sideways/003068.jpg,cup,3
cup/sideways/003069.jpg,cup,3
cup/sideways/003070.jpg,cup,3
cup/sideways/003071.jpg,cup,3
cup/sideways/003072.jpg,cup,3
cup/sideways/003073.jpg,cup,3
cup/sideways/003074.jpg,cup,3
cup/sideways/003075.jpg,cup,3
cup/sideways/003076.jpg,cup,3
cup/sideways/003077.jpg,cup,3
cup/sideways/003078.jpg,cup,3
cup/sideways/003079.jpg,cup,3
cup/sideways/003080.jpg,cup,3
cup/sideways/003081.jpg,cup,3
cup/sideways/003082.jpg,cup,3
cup/sideways/003083.jpg,cup,3
cup/sideways/003084.jpg,cup,3
cup/sideways/003085.jpg,cup,3
cup/sideways/003086.jpg,cup,3
cup/sideways/003087.jpg,cup,3
cup/sideways/003088.jpg,cup,3
cup/sideways/003089.jpg,cup,3
cup/sideways/003090.jpg,cup,3
cup/sideways/003091.jpg,cup,3
cup/sideways/003092.jpg,cup,3
cup/sideways/003093.jpg,cup,3
cup/sideways/003094.jpg,cup,3
cup/sideways/003095.jpg,cup,3
cup/sideways/003096.jpg,cup,3
cup/sideways/003097.jpg,cup,3
cup/sideways/003098.jpg,cup,3
cup/sideways/003099.jpg,cup,3
cup/sideways/003100.jpg,cup,3
cup/sideways/003101.jpg,cup,3
cup/sideways/003102.jpg,cup,3
cup/sideways/003103.jpg,cup,3
cup/sideways/003104.jpg,cup,3
cup/sideways/003105.jpg,cup,3
cup/sideways/003106.jpg,cup,3
cup/sideways/003107.jpg,cup,3
cup/sideways/003108.jpg,cup,3
cup/sideways/003109.jpg,cup,3
cup/sideways/003110.jpg,cup,3
cup/sideways/003111.jpg,cup,3
cup/sideways/003112.jpg,cup,3
cup/sideways/003113.jpg,cup,3
cup/sideways/003114.jpg,cup,3
cup/sideways/003115.jpg,cup,3
cup/sideways/003116.jpg,cup,3
cup/sideways/003117.jpg,cup,3
cup/sideways/003118.jpg,cup,3
cup/sideways/003119.jpg,cup,3
cup/sideways/003120.jpg,cup,3
cup/sideways/003121.jpg,cup,3
cup/sideways/003122.jpg,cup,3
cup/sideways/003123.jpg,cup,3
cup/sideways/003124.jpg,cup,3
cup/sideways/003125.jpg,cup,3
cup/sideways/003126.jpg,cup,3
cup/sideways/003127.jpg,cup,3
cup/sideways/003128.jpg,cup,3
cup/sideways/003129.jpg,cup,3
cup/sideways/003130.jpg,cup,3
cup/sideways/003131.jpg,cup,3
cup/sideways/003132.jpg,cup,3
cup/sideways/003133.jpg,cup,3
cup/sideways/003134.jpg,cup,3
cup/sideways/003135.jpg,cup,3
cup/sideways/003136.jpg,cup,3
cup/sideways/003137.jpg,cup,3
cup/sideways/003138.jpg,cup,3
cup/sideways/003139.jpg,cup,3
cup/sideways/003140.jpg,cup,3
cup/sideways/003141.jpg,cup,3
cup/sideways/003142.jpg,cup,3
cup/sideways/003143.jpg,cup,3
cup/sideways/003144.jpg,cup,3
cup/sideways/003145.jpg,cup,3
cup/sideways/003146.jpg,cup,3
cup/sideways/003147.jpg,cup,3
cup/sideways/003148.jpg,cup,3
cup/sideways/003149.jpg,cup,3
cup/sideways/003150.jpg,cup,3
cup/sideways/003151.jpg,cup,3
cup/sideways/003152.jpg,cup,3
cup/sideways/003153.jpg,cup,3
cup/sideways/003154.jpg,cup,3
cup/sideways/003155.jpg,cup,3
cup/sideways/003156.jpg,cup,3
cup/sideways/003157.jpg,cup,3
cup/sideways/003158.jpg,cup,3
cup/sideways/003159.jpg,cup,3
cup/sideways/003160.jpg,cup,3
cup/sideways/003161.jpg,cup,3
cup/sideways/003162.jpg,cup,3
cup/sideways/003163.jpg,cup,3
cup/sideways/003164.jpg,cup,3
cup/sideways/003165.jpg,cup,3
cup/sideways/003166.jpg,cup,3
cup/sideways/003167.jpg,cup,3
cup/sideways/003168.jpg,cup,3
cup/sideways/003169.jpg,cup,3
cup/sideways/003170.jpg,cup,3
cup/sideways/003171.jpg,cup,3
cup/sideways/003172.jpg,cup,3
cup/sideways/003173.jpg,cup,3
cup/sideways/003174.jpg,cup,3
cup/sideways/003175.jpg,cup,3
cup/sideways/003176.jpg,cup,3
cup/sideways/003177.jpg,cup,3
cup/sideways/003178.jpg,cup,3
cup/sideways/003179.jpg,cup,3
cup/sideways/003180.jpg,cup,3
cup/sideways/003181.jpg,cup,3
cup/sideways/003182.jpg,cup,3
cup/sideways/003183.jpg,cup,3
cup/sideways/003184.jpg,cup,3
cup/sideways/003185.jpg,cup,3
cup/sideways/003186.jpg,cup,3
cup/sideways/003187.jpg,cup,3
cup/sideways/003188.jpg,cup,3
cup/sideways/003189.jpg,cup,3
cup/sideways/003190.jpg,cup,3
cup/sideways/003191.jpg,cup,3
cup/sideways/003192.jpg,cup,3
cup/sideways/003193.jpg,cup,3
cup/sideways/003194.jpg,cup,3
cup/sideways/003195.jpg,cup,3
cup/sideways/003196.jpg,cup,3
cup/sideways/003197.jpg,cup,3
cup/sideways/003198.jpg,cup,3
cup/sideways/003199.jpg,cup,3
cup/sideways/003200.jpg,cup,3
cup/sideways/003201.jpg,cup,3
cup/sideways/003202.jpg,cup,3
cup/sideways/003203.jpg,cup,3
cup/sideways/003204.jpg,cup,3
cup/sideways/003205.jpg,cup,3
cup/sideways/003206.jpg,cup,3
cup/sideways/003207.jpg,cup,3
cup/sideways/003208.jpg,cup,3
cup/sideways/003209.jpg,cup,3
cup/sideways/003210.jpg,cup,3
cup/sideways/003211.jpg,cup,3
cup/sideways/003212.jpg,cup,3
cup/sideways/003213.jpg,cup,3
cup/sideways/003214.jpg,cup,3
cup/sideways/003215.jpg,cup,3
cup/sideways/003216.jpg,cup,3
cup/sideways/003217.jpg,cup,3
cup/sideways/003218.jpg,cup,3
cup/sideways/003219.jpg,cup,3
cup/inverted/003220.jpg,cup,4
cup/inverted/003221.jpg,cup,4
cup/inverted/003222.jpg,cup,4
cup/inverted/003223.jpg,cup,4
cup/inverted/003224.jpg,cup,4
cup/inverted/003225.jpg,cup,4
cup/inverted/003226.jpg,cup,4
cup/inverted/003227.jpg,cup,4
cup/inverted/003228.jpg,cup,4
cup/inverted/003229.jpg,cup,4
cup/inverted/003230.jpg,cup,4
cup/inverted/003231.jpg,cup,4
cup/inverted/003232.jpg,cup,4
cup/inverted/003233.jpg,cup,4
cup/inverted/003234.jpg,cup,4
cup/inverted/003235.jpg,cup,4
cup/inverted/003236.jpg,cup,4
cup/inverted/003237.jpg,cup,4
cup/inverted/003238.jpg,cup,4
cup/inverted/003239.jpg,cup,4
cup/inverted/003240.jpg,cup,4
cup/inverted/003241.jpg,cup,4
cup/inverted/003242.jpg,cup,4
cup/inverted/003243.jpg,cup,4
cup/inverted/003244.jpg,cup,4
cup/inverted/003245.jpg,cup,4
cup/inverted/003246.jpg,cup,4
cup/inverted/003247.jpg,cup,4
cup/inverted/003248.jpg,cup,4
cup/inverted/003249.jpg,cup,4
cup/inverted/003250.jpg,cup,4
cup/inverted/003251.jpg,cup,4
cup/inverted/003252.jpg,cup,4
cup/inverted/003253.jpg,cup,4
cup/inverted/003254.jpg,cup,4
cup/inverted/003255.jpg,cup,4
cup/inverted/003256.jpg,cup,4
cup/inverted/003257.jpg,cup,4
cup/inverted/003258.jpg,cup,4
cup/inverted/003259.jpg,cup,4
cup/inverted/003260.jpg,cup,4
cup/inverted/003261.jpg,cup,4
cup/inverted/003262.jpg,cup,4
cup/inverted/003263.jpg,cup,4
cup/inverted/003264.jpg,cup,4
cup/inverted/003265.jpg,cup,4
cup/inverted/003266.jpg,cup,4
cup/inverted/003267.jpg,cup,4
cup/inverted/003268.jpg,cup,4
cup/inverted/003269.jpg,cup,4
cup/inverted/003270.jpg,cup,4
cup/inverted/003271.jpg,cup,4
cup/inverted/003272.jpg,cup,4
cup/inverted/003273.jpg,cup,4
cup/inverted/003274.jpg,cup,4
cup/inverted/003275.jpg,cup,4
cup/inverted/003276.jpg,cup,4
cup/inverted/003277.jpg,cup,4
cup/inverted/003278.jpg,cup,4
cup/inverted/003279.jpg,cup,4
cup/inverted/003280.jpg,cup,4
cup/inverted/003281.jpg,cup,4
cup/inverted/003282.jpg,cup,4
cup/inverted/003283.jpg,cup,4
cup/inverted/003284.jpg,cup,4
cup/inverted/003285.jpg,cup,4
cup/inverted/003286.jpg,cup,4
cup/inverted/003287.jpg,cup,4
cup/inverted/003288.jpg,cup,4
cup/inverted/003289.jpg,cup,4
cup/inverted/003290.jpg,cup,4
cup/inverted/003291.jpg,cup,4
cup/inverted/003292.jpg,cup,4
cup/inverted/003293.jpg,cup,4
cup/inverted/003294.jpg,cup,4
cup/inverted/003295.jpg,cup,4
cup/inverted/003296.jpg,cup,4
cup/inverted/003297.jpg,cup,4
cup/inverted/003298.jpg,cup,4
cup/inverted/003299.jpg,cup,4
cup/inverted/003300.jpg,cup,4
cup/inverted/003301.jpg,cup,4
cup/inverted/003302.jpg,cup,4
cup/inverted/003303.jpg,cup,4
cup/inverted/003304.jpg,cup,4
cup/inverted/003305.jpg,cup,4
cup/inverted/003306.jpg,cup,4
cup/inverted/003307.jpg,cup,4
cup/inverted/003308.jpg,cup,4
cup/inverted/003309.jpg,cup,4
cup/inverted/003310.jpg,cup,4
cup/inverted/003311.jpg,cup,4
cup/inverted/003312.jpg,cup,4
cup/inverted/003313.jpg,cup,4
cup/inverted/003314.jpg,cup,4
cup/inverted/003315.jpg,cup,4
cup/inverted/003316.jpg,cup,4
cup/inverted/003317.jpg,cup,4
cup/inverted/003318.jpg,cup,4
cup/inverted/003319.jpg,cup,4
cup/inverted/003320.jpg,cup,4
cup/inverted/003321.jpg,cup,4
cup/inverted/003322.jpg,cup,4
cup/inverted/003323.jpg,cup,4
cup/inverted/003324.jpg,cup,4
cup/inverted/003325.jpg,cup,4
cup/inverted/003326.jpg,cup,4
cup/inverted/003327.jpg,cup,4
cup/inverted/003328.jpg,cup,4
cup/inverted/003329.jpg,cup,4
cup/inverted/003330.jpg,cup,4
cup/inverted/003331.jpg,cup,4
cup/inverted/003332.jpg,cup,4
cup/inverted/003333.jpg,cup,4
cup/inverted/003334.jpg,cup,4
cup/inverted/003335.jpg,cup,4
cup/inverted/003336.jpg,cup,4
cup/inverted/003337.jpg,cup,4
cup/inverted/003338.jpg,cup,4
cup/inverted/003339.jpg,cup,4
cup/inverted/003340.jpg,cup,4
cup/inverted/003341.jpg,cup,4
cup/inverted/003342.jpg,cup,4
cup/inverted/003343.jpg,cup,4
cup/inverted/003344.jpg,cup,4
cup/inverted/003345.jpg,cup,4
cup/inverted/003346.jpg,cup,4
cup/inverted/003347.jpg,cup,4
cup/inverted/003348.jpg,cup,4
cup/inverted/003349.jpg,cup,4
cup/inverted/003350.jpg,cup,4
cup/inverted/003351.jpg,cup,4
cup/inverted/003352.jpg,cup,4
cup/inverted/003353.jpg,cup,4
cup/inverted/003354.jpg,cup,4
cup/inverted/003355.jpg,cup,4
cup/inverted/003356.jpg,cup,4
cup/inverted/003357.jpg,cup,4
cup/inverted/003358.jpg,cup,4
cup/inverted/003359.jpg,cup,4
cup/inverted/003360.jpg,cup,4
cup/inverted/003361.jpg,cup,4
cup/inverted/003362.jpg,cup,4
cup/inverted/003363.jpg,cup,4
cup/inverted/003364.jpg,cup,4
cup/inverted/003365.jpg,cup,4
cup/inverted/003366.jpg,cup,4
cup/inverted/003367.jpg,cup,4
cup/inverted/003368.jpg,cup,4
cup/inverted/003369.jpg,cup,4
cup/inverted/003370.jpg,cup,4
cup/inverted/003371.jpg,cup,4
cup/inverted/003372.jpg,cup,4
cup/inverted/003373.jpg,cup,4
cup/inverted/003374.jpg,cup,4
cup/inverted/003375.jpg,cup,4
cup/inverted/003376.jpg,cup,4
cup/inverted/003377.jpg,cup,4
cup/inverted/003378.jpg,cup,4
cup/inverted/003379.jpg,cup,4
cup/inverted/003380.jpg,cup,4
cup/inverted/003381.jpg,cup,4
cup/inverted/003382.jpg,cup,4
cup/inverted/003383.jpg,cup,4
cup/inverted/003384.jpg,cup,4
cup/inverted/003385.jpg,cup,4
cup/inverted/003386.jpg,cup,4
cup/inverted/003387.jpg,cup,4
cup/inverted/003388.jpg,cup,4
cup/inverted/003389.jpg,cup,4
cup/inverted/003390.jpg,cup,4
cup/inverted/003391.jpg,cup,4
cup/inverted/003392.jpg,cup,4
cup/inverted/003393.jpg,cup,4
cup/inverted/003394.jpg,cup,4
cup/inverted/003395.jpg,cup,4
cup/inverted/003396.jpg,cup,4
cup/inverted/003397.jpg,cup,4
cup/inverted/003398.jpg,cup,4
cup/inverted/003399.jpg,cup,4
